DATETIME,53.286774 -6.245183,53.37331999999999 -6.274417,53.27174300000001 -6.213767,53.392515 -6.3001510000000005,53.305724 -6.298539,53.33436 -6.325958999999999,53.286170999999996 -6.26926,53.31470899999999 -6.279872,53.286745999999994 -6.178241000000001,53.419753 -6.226095,53.279585 -6.143119,53.299876 -6.179007,53.345507 -6.267847,53.32635500000001 -6.26315,53.382903000000006 -6.365292,53.250001 -6.191125,53.290882999999994 -6.13165,53.28704499999999 -6.196829,53.360381000000004 -6.257505999999999,53.253554 -6.13042,53.37786 -6.244234,53.370813 -6.315003,53.334192 -6.2782919999999995,53.26136700000001 -6.155157,53.369043999999995 -6.218948,53.358035 -6.268935,53.35383100000001 -6.231171,53.244865000000004 -6.137441,53.347601 -6.279674,53.33815 -6.238469,53.335933 -6.263602,53.323752 -6.247185,53.38201899999999 -6.165686,53.290172 -6.2298029999999995,53.370261 -6.193283999999999,53.333085 -6.30201,53.388753 -6.2069540000000005,53.347816 -6.256997,53.343677 -6.359943,53.353522999999996 -6.243812999999999,53.339977000000005 -6.220313,53.39818100000001 -6.264798000000001,53.313464 -6.209186,53.27951899999999 -6.164772,53.394076 -6.23744,53.35224300000001 -6.29433,53.305538 -6.253584,53.31748100000001 -6.232883999999999,53.3386 -6.251761,53.401607999999996 -6.172904
2020-03-22 02:00:00+00:00,77,76,76,76,76,76,77,76,77,76,77,77,76,76,76,77,77,70,76,76,76,76,76,77,76,76,73,76,76,73,74,76,76,77,76,76,76,74,76,73,76,76,76,77,76,76,76,76,74,73
2020-03-22 03:00:00+00:00,80,78,81,78,79,79,80,78,80,78,80,79,74,78,79,80,75,80,75,79,78,78,78,80,78,74,74,79,68,75,71,78,79,80,78,78,78,72,79,78,78,78,78,80,78,78,78,78,73,78
2020-03-22 04:00:00+00:00,79,78,80,78,78,78,79,75,79,78,79,79,76,78,78,79,79,78,76,79,78,78,78,79,78,78,78,78,68,77,74,78,78,79,78,78,78,73,78,78,78,78,78,79,78,78,78,78,74,78
2020-03-22 05:00:00+00:00,79,79,79,79,66,76,79,70,79,79,79,79,79,79,79,79,76,79,76,78,75,79,72,79,79,79,79,78,79,69,71,79,79,80,79,79,79,71,79,79,79,79,79,79,79,79,79,79,74,79
2020-03-22 06:00:00+00:00,79,79,80,79,71,79,79,71,79,79,79,79,72,79,79,79,77,72,68,77,79,79,72,78,79,77,79,77,72,73,79,79,79,80,79,79,79,73,79,79,79,79,79,79,71,79,79,79,75,79
2020-03-22 07:00:00+00:00,79,79,78,79,74,79,79,73,79,79,79,79,75,79,79,79,79,79,74,69,79,79,73,79,79,73,72,78,72,77,73,79,79,79,79,79,79,75,79,72,79,79,79,79,79,68,75,79,67,72
2020-03-22 08:00:00+00:00,76,77,75,77,77,77,76,76,76,77,76,76,77,77,77,76,76,69,74,75,77,77,77,75,77,74,77,77,77,62,75,77,77,76,77,77,77,68,77,71,77,77,77,76,77,77,77,77,72,71
2020-03-22 09:00:00+00:00,69,79,78,77,71,79,78,69,78,79,78,78,71,73,79,78,78,69,65,71,73,79,76,71,79,64,78,78,66,65,64,79,79,78,79,79,79,63,79,64,74,77,78,78,79,79,79,78,62,64
2020-03-22 10:00:00+00:00,68,80,76,75,73,80,81,71,69,81,78,67,67,70,78,81,70,65,68,70,68,80,73,66,81,71,64,80,71,63,69,71,81,74,81,75,81,63,75,66,68,70,77,78,81,68,80,64,59,66
2020-03-22 11:00:00+00:00,64,73,70,69,69,73,78,65,63,85,73,59,64,65,83,77,66,62,60,71,68,86,66,67,80,63,61,77,68,58,65,69,86,64,75,73,86,59,68,60,54,75,72,69,84,71,64,67,58,60
2020-03-22 12:00:00+00:00,57,80,65,63,66,65,74,62,58,80,70,55,63,57,73,72,64,56,57,62,64,80,62,59,75,59,57,69,61,56,61,58,80,60,68,68,80,55,68,57,52,71,66,58,79,64,59,57,55,57
2020-03-22 13:00:00+00:00,59,67,66,66,66,58,66,55,64,67,67,59,67,59,67,67,67,65,58,68,67,67,65,64,67,66,64,69,64,59,66,58,67,57,67,66,67,61,67,50,57,67,67,59,67,64,62,59,58,50
2020-03-22 14:00:00+00:00,60,69,67,66,68,64,68,59,62,69,66,63,67,58,69,68,64,61,58,63,52,69,66,65,69,59,65,64,64,57,63,58,69,59,64,66,69,57,69,59,53,69,69,57,69,56,62,65,57,59
2020-03-22 15:00:00+00:00,67,69,68,64,67,56,68,58,59,69,69,60,58,55,69,68,65,63,57,55,58,69,68,62,69,64,65,69,63,57,64,64,69,60,63,65,69,59,63,55,54,69,69,54,69,64,69,61,60,55
2020-03-22 16:00:00+00:00,66,69,69,65,67,69,69,58,60,69,65,60,57,64,69,69,67,62,64,64,57,69,69,69,69,63,65,69,69,57,65,60,69,58,69,69,69,61,69,53,53,69,69,59,69,62,65,64,63,53
2020-03-22 17:00:00+00:00,62,71,66,64,66,60,72,64,61,71,62,56,59,46,69,72,67,60,56,63,65,71,67,62,71,57,63,71,59,52,62,59,71,54,69,64,71,55,69,54,54,62,71,60,71,53,62,65,59,54
2020-03-22 18:00:00+00:00,63,74,68,61,66,63,75,63,58,74,63,55,63,59,66,75,61,62,52,61,66,74,63,63,74,61,62,69,59,52,64,59,74,57,63,59,74,54,66,60,54,68,74,61,74,52,66,62,61,60
2020-03-22 19:00:00+00:00,56,73,62,56,59,57,73,55,57,73,60,57,49,55,68,73,56,57,52,59,58,73,59,60,73,55,60,59,59,46,56,51,73,57,57,57,73,55,59,54,57,57,73,53,73,56,59,61,56,54
2020-03-22 20:00:00+00:00,54,73,63,57,57,58,73,59,57,73,57,57,58,54,60,73,57,58,56,59,59,73,59,62,73,58,56,66,56,55,58,54,73,59,59,56,73,57,58,54,56,63,73,53,73,55,55,65,53,54
2020-03-22 21:00:00+00:00,58,74,63,57,56,62,74,59,59,74,73,59,59,54,60,74,56,61,58,59,59,74,60,67,74,57,63,66,58,58,60,59,74,60,69,56,74,57,56,58,58,59,74,59,63,59,62,66,56,58
2020-03-22 22:00:00+00:00,56,73,62,57,56,56,73,57,59,73,67,58,59,54,63,73,61,59,56,59,63,73,61,67,73,59,59,69,56,58,59,59,73,60,65,60,73,56,59,58,57,59,73,65,73,57,67,67,58,58
2020-03-22 23:00:00+00:00,51,62,61,54,49,52,62,50,51,62,56,55,49,52,54,62,53,52,48,52,55,62,54,61,62,49,51,54,51,51,52,56,62,54,62,51,62,52,49,54,52,52,62,54,62,52,55,61,49,54
2020-03-23 00:00:00+00:00,52,67,65,56,52,55,67,55,56,67,59,56,52,55,62,67,56,56,54,55,55,67,54,63,67,55,55,65,52,58,56,58,67,62,67,58,67,52,55,60,56,55,67,62,67,55,67,65,56,60
2020-03-23 01:00:00+00:00,62,62,60,62,55,62,62,53,62,62,55,55,50,62,58,62,62,60,49,62,60,62,52,62,62,52,52,60,52,51,53,62,62,62,62,62,62,50,62,52,62,62,62,61,62,62,62,62,49,52
2020-03-23 02:00:00+00:00,56,56,55,56,56,54,56,56,56,56,53,55,49,51,55,56,56,55,47,56,55,56,56,56,56,45,56,53,47,48,47,56,56,56,56,52,56,47,56,48,54,56,56,56,56,56,56,56,48,48
2020-03-23 03:00:00+00:00,58,58,55,58,58,58,58,58,57,58,58,56,48,58,56,58,58,57,51,58,58,58,58,58,58,52,58,58,48,52,58,58,58,58,58,58,58,48,58,49,58,54,58,58,58,58,58,58,51,49
2020-03-23 04:00:00+00:00,82,82,80,82,80,79,81,82,84,82,85,84,68,81,74,83,84,80,81,85,82,82,82,84,82,81,81,84,71,81,78,81,83,81,82,82,82,74,74,69,81,81,82,84,82,82,82,81,81,69
2020-03-23 05:00:00+00:00,77,77,69,77,76,67,77,76,77,77,77,77,62,77,75,77,77,77,58,77,77,77,66,77,77,63,77,77,59,77,63,69,77,77,77,71,77,63,77,77,73,77,77,77,77,77,73,77,77,77
2020-03-23 06:00:00+00:00,83,81,79,81,82,81,83,72,83,81,82,72,70,81,80,83,82,83,71,82,73,81,72,83,81,77,81,81,68,81,72,81,81,83,81,81,81,71,82,65,81,77,81,80,70,81,81,81,81,65
2020-03-23 07:00:00+00:00,76,80,80,80,72,80,80,74,80,80,80,80,73,77,79,80,80,80,69,80,80,80,71,80,80,73,78,80,71,71,71,80,80,80,80,74,80,71,80,75,80,75,80,80,74,80,80,80,71,75
2020-03-23 08:00:00+00:00,68,79,80,71,72,72,80,72,80,79,79,75,71,69,77,79,79,72,59,77,74,79,72,75,79,68,68,78,71,62,73,68,79,68,79,70,79,58,76,57,75,75,79,79,76,75,79,70,73,57
2020-03-23 09:00:00+00:00,64,72,72,65,68,69,82,66,69,83,71,61,69,59,59,81,66,68,51,74,59,83,68,57,83,65,59,63,60,52,58,66,83,64,83,55,83,57,71,55,63,62,78,67,83,60,64,66,62,55
2020-03-23 10:00:00+00:00,59,75,63,60,70,59,81,62,63,82,63,60,66,58,62,79,57,58,58,65,49,82,65,69,82,65,56,56,58,53,59,62,82,59,81,56,82,56,71,56,56,71,77,56,82,51,71,68,57,56
2020-03-23 11:00:00+00:00,57,72,59,63,62,63,75,56,57,81,56,50,52,57,56,73,59,55,50,57,59,82,62,59,75,60,53,54,59,43,54,57,82,56,66,57,81,40,67,45,50,66,65,55,74,55,57,57,50,45
2020-03-23 12:00:00+00:00,50,70,56,59,59,58,69,54,54,79,53,50,50,54,69,66,47,51,52,56,58,79,59,55,70,57,41,54,55,40,54,46,79,49,67,63,79,47,63,48,39,61,57,52,72,50,56,52,47,48
2020-03-23 13:00:00+00:00,66,74,70,67,73,71,72,68,65,73,62,59,72,59,73,71,68,58,54,68,60,73,72,67,74,67,57,66,62,57,62,65,73,59,73,67,73,59,73,52,57,62,74,62,74,74,74,65,62,52
2020-03-23 14:00:00+00:00,54,77,48,61,65,58,72,57,51,77,48,45,59,54,73,66,51,51,56,52,60,77,66,52,68,65,41,56,61,38,55,50,76,49,72,68,77,57,68,48,38,66,55,46,76,52,54,51,52,48
2020-03-23 15:00:00+00:00,50,79,56,58,62,58,70,50,52,79,51,42,62,55,63,65,51,50,55,52,54,79,58,55,67,58,41,57,61,38,57,51,79,51,63,57,77,54,63,45,39,63,55,47,66,52,57,52,52,45
2020-03-23 16:00:00+00:00,50,79,51,58,67,56,70,55,51,78,50,48,55,56,64,64,51,50,53,52,53,79,64,47,66,60,46,52,61,39,54,50,78,45,66,54,77,46,58,46,38,56,54,44,77,58,57,51,49,46
2020-03-23 17:00:00+00:00,59,76,64,65,75,65,74,67,55,76,54,48,64,64,76,73,56,56,55,56,57,76,75,48,75,72,49,59,72,45,59,57,75,51,67,63,75,58,67,45,46,68,63,56,76,58,61,58,55,45
2020-03-23 18:00:00+00:00,57,73,59,59,73,63,77,65,53,77,51,45,63,61,71,71,53,53,54,53,55,76,74,46,71,70,46,56,70,42,58,54,77,49,65,64,77,56,64,42,40,64,58,53,77,57,58,55,53,42
2020-03-23 19:00:00+00:00,63,72,66,63,66,65,71,63,64,73,66,62,61,63,68,70,64,63,59,63,66,73,64,66,72,62,61,67,61,59,61,65,72,64,69,64,72,58,67,60,60,66,70,64,71,65,66,66,60,60
2020-03-23 20:00:00+00:00,69,71,68,69,71,71,71,71,66,70,67,64,72,71,70,69,67,66,71,69,71,70,71,68,71,72,62,69,72,60,72,66,71,67,71,71,71,71,71,67,56,70,62,67,70,71,69,64,68,67
2020-03-23 21:00:00+00:00,54,69,60,55,56,55,68,50,53,70,55,55,55,50,57,68,56,52,52,56,55,70,55,60,69,51,53,60,55,49,54,54,69,54,56,51,69,51,55,48,53,57,68,53,70,56,54,59,53,48
2020-03-23 22:00:00+00:00,59,76,68,61,57,58,74,56,58,78,59,58,57,54,65,74,62,59,51,61,63,77,59,69,75,57,57,70,57,58,56,56,76,59,60,56,76,56,58,58,60,61,74,59,77,57,61,66,59,58
2020-03-23 23:00:00+00:00,56,75,72,64,59,56,74,56,58,77,65,56,56,56,69,73,61,60,56,60,63,76,57,70,74,56,56,73,56,57,56,56,75,57,59,59,75,56,57,56,56,64,73,59,76,59,65,72,57,56
2020-03-24 00:00:00+00:00,60,75,70,51,63,65,78,60,63,70,72,61,61,65,67,79,61,67,60,62,64,71,64,65,76,59,62,77,65,63,66,69,75,70,70,64,74,60,58,62,64,56,78,73,72,74,69,79,62,62
2020-03-24 01:00:00+00:00,83,79,73,70,74,70,83,71,82,76,82,73,65,80,70,83,82,83,64,73,71,77,69,80,80,69,76,80,65,70,68,80,80,83,80,71,79,55,79,68,76,75,80,81,77,80,80,80,69,68
2020-03-24 02:00:00+00:00,73,79,69,67,79,79,79,79,79,79,79,75,64,79,72,79,71,79,66,79,79,79,72,79,79,63,64,79,64,64,65,79,79,77,79,69,79,64,79,61,77,79,79,79,79,79,79,79,65,61
2020-03-24 03:00:00+00:00,78,78,74,74,78,73,78,78,78,78,69,78,59,66,72,78,78,78,66,78,69,78,72,78,78,63,72,74,59,70,60,78,78,73,78,71,78,59,78,70,74,78,78,74,78,78,78,78,62,70
2020-03-24 04:00:00+00:00,53,66,65,65,66,62,66,66,66,66,66,66,66,57,65,66,66,66,56,66,66,66,57,66,66,66,66,66,52,66,55,59,66,65,66,66,66,55,66,66,62,66,66,65,66,66,66,66,56,66
2020-03-24 05:00:00+00:00,77,76,78,77,77,77,77,77,77,76,76,77,68,76,77,77,76,78,73,74,73,77,72,76,76,73,76,74,73,68,74,76,76,78,76,77,76,70,77,76,76,76,77,77,76,77,76,76,76,76
2020-03-24 06:00:00+00:00,78,77,79,77,77,77,78,77,74,77,77,78,74,77,76,78,77,78,72,76,77,77,72,77,77,72,77,75,74,76,71,77,77,79,77,77,77,71,76,71,77,77,77,69,74,77,77,77,72,71
2020-03-24 07:00:00+00:00,78,76,77,76,77,76,78,76,75,76,77,76,73,73,77,78,77,72,70,76,76,76,70,77,76,72,70,75,69,68,68,66,76,75,76,73,76,71,77,76,76,76,76,78,76,76,76,76,64,76
2020-03-24 08:00:00+00:00,76,75,77,71,75,76,77,75,73,75,76,62,68,68,73,77,74,72,70,74,74,75,71,76,75,71,69,74,68,64,71,75,75,66,75,74,75,68,76,57,73,74,75,72,75,75,75,75,68,57
2020-03-24 09:00:00+00:00,69,71,71,69,69,69,77,71,67,74,55,62,66,62,58,78,64,62,51,71,58,74,65,65,74,66,51,74,63,56,66,57,75,58,74,68,74,58,69,52,64,72,74,72,74,69,71,61,62,52
2020-03-24 10:00:00+00:00,63,72,61,69,69,62,77,65,65,75,64,54,67,65,59,77,63,55,53,63,57,75,69,67,75,64,52,71,66,50,58,65,75,63,72,64,75,52,68,54,57,72,75,62,75,55,64,64,55,54
2020-03-24 11:00:00+00:00,66,72,67,69,73,72,75,68,62,72,66,55,67,59,60,76,65,65,54,68,72,72,72,65,72,68,55,64,67,55,67,59,72,63,72,65,72,56,70,58,59,71,72,58,72,60,67,68,56,58
2020-03-24 12:00:00+00:00,63,73,68,54,72,66,76,66,62,74,59,53,59,67,67,77,68,62,55,64,66,73,57,65,74,69,53,73,64,51,69,57,74,65,69,68,74,59,63,57,58,60,74,58,73,71,64,66,57,57
2020-03-24 13:00:00+00:00,48,72,70,57,65,57,73,63,59,72,61,58,66,57,68,73,63,51,56,62,58,72,69,62,72,64,61,62,64,53,60,58,72,61,67,65,72,55,57,62,50,67,72,60,72,53,69,69,58,62
2020-03-24 14:00:00+00:00,57,72,67,68,70,69,69,53,65,72,59,58,60,59,72,69,65,55,71,65,56,72,71,67,71,73,55,67,70,52,64,61,71,56,71,64,71,55,58,57,59,67,68,58,72,65,68,68,58,57
2020-03-24 15:00:00+00:00,59,67,50,61,68,57,72,58,68,72,58,55,66,59,71,73,71,60,58,68,60,73,61,65,72,64,56,64,69,51,65,59,72,54,70,64,72,61,64,57,56,70,70,55,73,60,70,69,57,57
2020-03-24 16:00:00+00:00,55,72,71,56,70,62,73,64,63,72,65,56,71,59,58,73,68,57,57,56,54,72,71,58,72,68,63,56,70,56,59,58,72,56,72,60,72,65,57,63,59,69,72,62,72,59,68,70,58,63
2020-03-24 17:00:00+00:00,62,71,72,57,70,70,70,69,68,70,65,59,70,67,71,71,65,69,67,58,64,71,69,65,70,65,65,70,62,59,70,69,70,58,70,56,70,52,61,60,65,64,69,68,70,65,69,69,63,60
2020-03-24 18:00:00+00:00,65,74,67,56,68,58,76,65,65,75,63,62,59,61,66,77,64,56,61,58,58,75,70,64,75,64,55,64,65,55,62,65,75,56,59,55,75,58,64,56,55,60,75,55,75,56,66,70,57,56
2020-03-24 19:00:00+00:00,57,67,62,58,60,56,75,56,57,78,62,61,52,55,69,74,61,56,54,62,58,79,60,66,78,58,57,61,58,56,61,56,77,56,61,58,78,52,60,55,62,67,75,55,78,57,60,67,58,55
2020-03-24 20:00:00+00:00,57,76,58,61,56,55,73,57,57,79,59,57,57,54,68,73,58,59,53,58,58,79,58,61,75,53,57,59,56,54,58,53,76,53,59,55,77,52,60,53,57,61,73,57,78,57,58,60,53,53
2020-03-24 21:00:00+00:00,54,74,57,58,55,58,72,56,55,76,58,57,56,53,58,72,56,56,53,57,60,75,56,63,73,55,52,59,50,50,57,56,74,56,58,54,74,56,58,54,55,61,72,58,75,50,59,58,54,54
2020-03-24 22:00:00+00:00,56,75,59,58,56,58,74,56,59,75,62,61,57,56,63,74,59,57,57,59,62,75,57,68,74,54,55,62,58,55,57,59,75,56,60,58,75,52,58,56,60,61,74,59,75,59,58,62,56,56
2020-03-24 23:00:00+00:00,50,68,58,59,51,53,65,50,53,71,66,52,50,53,57,65,53,55,52,54,57,70,54,61,66,51,54,58,50,51,51,50,68,52,55,50,68,50,55,49,52,55,65,57,70,53,55,63,48,49
2020-03-25 00:00:00+00:00,60,79,73,65,60,64,77,60,63,79,66,66,61,59,76,77,78,62,63,60,74,80,61,71,78,58,59,76,60,61,61,72,78,62,66,64,79,58,59,63,66,62,77,73,79,68,65,70,61,63
2020-03-25 01:00:00+00:00,78,79,73,69,69,66,78,66,77,79,66,74,59,65,76,78,79,77,59,66,79,80,63,74,79,63,78,78,59,67,63,78,79,78,79,69,79,65,79,61,78,79,78,79,79,63,78,77,63,61
2020-03-25 02:00:00+00:00,79,80,71,76,78,75,79,78,79,79,78,78,69,78,74,79,78,79,62,78,79,80,79,79,79,60,67,77,66,69,67,77,79,79,79,78,79,66,79,64,78,79,77,79,79,73,77,77,67,64
2020-03-25 03:00:00+00:00,67,79,68,79,71,67,79,78,79,79,79,78,64,79,75,79,79,78,64,79,74,79,79,79,79,60,64,78,60,77,68,78,79,78,79,75,79,60,79,67,75,79,77,79,79,79,78,77,60,67
2020-03-25 04:00:00+00:00,63,77,74,80,71,64,76,75,76,79,71,76,58,75,75,76,71,76,63,76,77,78,75,76,76,68,76,76,57,75,61,75,77,74,77,75,77,60,77,75,76,79,76,68,78,75,75,75,63,75
2020-03-25 05:00:00+00:00,75,78,66,83,76,76,76,75,76,81,76,66,57,75,78,76,77,76,58,77,78,80,75,76,77,57,75,76,62,75,63,75,78,73,77,75,79,57,69,66,74,82,75,76,80,75,75,75,63,66
2020-03-25 06:00:00+00:00,76,79,74,79,62,64,77,76,77,79,78,77,61,63,79,77,67,77,63,75,70,79,76,76,78,76,65,73,57,61,63,76,78,76,78,76,79,60,79,68,77,79,77,76,79,76,76,76,62,68
2020-03-25 07:00:00+00:00,76,78,70,81,76,72,76,60,76,80,77,66,60,66,80,76,77,75,59,57,74,80,70,65,77,62,65,66,60,62,59,75,78,75,77,64,78,57,78,63,76,80,76,76,79,64,64,74,62,63
2020-03-25 08:00:00+00:00,77,77,77,76,76,77,77,76,77,77,76,76,75,76,77,76,76,77,75,72,77,77,72,76,77,76,75,74,77,72,76,76,76,74,77,77,77,68,77,61,76,76,76,76,77,77,76,75,77,61
2020-03-25 09:00:00+00:00,69,76,71,63,76,73,78,72,71,77,70,72,72,58,57,79,72,71,58,67,74,78,73,67,77,61,56,75,70,56,68,72,77,74,74,71,77,61,76,58,59,71,75,73,77,74,69,71,65,58
2020-03-25 10:00:00+00:00,54,71,62,61,66,59,80,66,61,80,63,52,55,64,68,79,64,59,53,61,65,81,69,63,80,64,56,65,65,51,58,52,79,60,75,56,80,59,72,57,53,67,73,56,80,60,67,59,55,57
2020-03-25 11:00:00+00:00,59,74,65,65,66,58,78,64,58,81,60,52,69,58,59,77,56,52,54,61,54,82,63,65,79,64,54,53,61,47,63,66,81,54,68,52,81,58,64,53,53,67,72,58,71,58,66,59,56,53
2020-03-25 12:00:00+00:00,57,82,46,59,62,63,76,59,59,82,60,48,67,59,73,75,57,44,56,58,57,82,66,59,77,65,55,58,58,48,57,54,81,57,67,60,82,56,64,48,47,68,68,51,82,53,63,59,55,48
2020-03-25 13:00:00+00:00,54,73,54,66,63,56,71,56,55,73,55,54,58,51,56,70,50,49,54,48,51,73,59,56,73,52,51,56,59,47,56,49,73,49,63,57,73,51,60,51,48,73,63,49,73,51,56,55,48,51
2020-03-25 14:00:00+00:00,54,74,49,56,64,54,71,57,52,76,55,49,71,54,77,67,53,49,58,53,56,77,62,49,71,65,39,54,65,47,59,55,75,50,64,54,76,61,66,49,41,67,58,53,74,53,59,54,53,49
2020-03-25 15:00:00+00:00,55,76,50,57,66,56,73,55,54,76,53,49,58,58,61,70,55,49,58,50,57,76,65,55,73,68,46,55,63,44,57,45,75,48,65,54,76,58,63,49,41,68,59,51,73,58,57,56,51,49
2020-03-25 16:00:00+00:00,57,75,68,62,66,55,75,61,63,75,64,55,54,63,72,74,62,64,55,62,65,75,65,64,75,58,61,63,66,55,62,66,75,58,68,60,75,46,59,57,55,62,76,55,75,54,66,68,57,57
2020-03-25 17:00:00+00:00,63,72,66,63,66,65,71,63,64,73,66,62,61,63,68,70,64,63,59,63,66,73,64,66,72,62,61,67,61,59,61,65,72,64,69,64,72,58,67,60,60,66,70,64,71,65,66,66,60,60
2020-03-25 18:00:00+00:00,50,68,55,53,54,53,67,50,54,70,52,51,47,49,53,66,53,51,50,53,45,69,54,53,68,52,49,54,51,45,55,52,68,53,56,45,69,45,50,45,43,57,59,52,69,49,57,54,50,45
2020-03-25 19:00:00+00:00,40,57,43,51,45,41,54,42,44,62,43,42,42,41,54,54,44,43,40,42,41,60,44,50,56,39,43,47,39,39,42,39,57,41,47,40,58,42,49,40,41,49,54,43,59,44,44,42,44,40
2020-03-25 20:00:00+00:00,42,59,44,51,44,42,56,44,44,63,46,42,42,41,53,56,45,43,44,48,49,62,47,39,57,43,42,48,41,40,41,43,58,42,49,42,59,41,45,39,41,54,56,42,61,41,44,51,45,39
2020-03-25 21:00:00+00:00,44,59,48,52,45,47,57,46,48,61,48,43,46,44,58,57,47,46,43,45,50,60,48,50,58,45,42,49,44,40,45,48,59,46,54,42,59,46,42,44,43,49,57,49,60,46,46,48,41,44
2020-03-25 22:00:00+00:00,37,48,39,45,38,39,45,38,38,52,39,39,37,37,48,45,38,39,37,39,38,51,38,42,47,37,38,38,36,37,37,37,48,38,39,37,49,37,39,37,37,44,45,39,50,38,38,40,37,37
2020-03-25 23:00:00+00:00,39,49,41,42,39,39,47,38,39,50,42,39,38,38,46,47,39,38,38,40,40,50,38,47,48,38,38,46,38,38,39,38,49,38,41,39,49,38,40,37,38,39,47,42,50,39,40,46,38,37
2020-03-26 00:00:00+00:00,39,46,48,36,40,42,49,40,39,44,45,41,39,39,40,49,39,39,39,41,41,44,40,47,47,40,41,45,39,40,41,43,46,44,39,40,46,39,39,39,40,38,49,42,45,44,43,48,39,39
2020-03-26 01:00:00+00:00,35,36,35,38,35,34,35,32,35,37,36,35,31,33,36,35,36,35,32,36,36,37,32,35,36,32,33,35,31,32,32,35,36,34,36,34,36,31,36,33,34,36,35,35,37,34,35,34,31,33
2020-03-26 02:00:00+00:00,35,38,36,39,36,34,36,36,37,39,37,37,33,36,38,36,37,36,34,37,38,39,36,37,37,34,34,36,32,33,33,36,38,36,37,36,38,33,36,33,36,38,36,37,39,36,36,36,33,33
2020-03-26 03:00:00+00:00,62,57,59,47,61,60,61,63,59,53,60,61,53,63,50,62,59,61,53,59,57,54,60,60,59,53,62,60,51,54,54,55,57,62,58,63,56,54,57,51,53,52,62,60,54,58,63,63,54,51
2020-03-26 04:00:00+00:00,38,42,41,42,39,36,42,39,42,42,42,42,38,40,41,42,42,42,37,42,39,42,38,42,42,38,42,42,38,38,38,42,42,42,42,35,42,38,42,42,42,42,42,42,42,37,42,42,42,42
2020-03-26 05:00:00+00:00,64,63,57,59,64,55,64,64,64,62,57,55,54,64,58,65,64,65,59,64,63,62,64,64,64,55,57,64,55,57,64,64,63,64,64,55,63,54,59,64,64,54,65,64,63,63,55,64,64,64
2020-03-26 06:00:00+00:00,64,64,59,64,55,64,64,64,64,64,54,64,50,64,62,64,64,58,53,64,62,64,64,64,64,53,54,64,53,56,64,64,64,64,64,57,64,50,64,55,52,64,64,60,53,64,64,64,64,55
2020-03-26 07:00:00+00:00,70,70,65,68,70,68,70,57,70,70,58,60,54,59,60,70,61,65,53,70,70,70,57,68,70,58,57,65,56,59,58,70,70,68,70,57,70,54,66,57,66,70,70,65,57,70,70,70,59,57
2020-03-26 08:00:00+00:00,69,81,70,66,77,69,81,72,68,81,61,71,67,62,74,78,61,74,61,71,69,81,67,69,79,64,58,73,66,63,66,68,81,69,76,64,81,61,81,59,61,67,77,70,81,69,76,68,66,59
2020-03-26 09:00:00+00:00,59,83,69,62,75,65,79,66,74,82,69,65,68,57,63,77,64,68,55,71,58,82,69,66,83,63,58,66,65,56,67,67,82,65,71,69,82,59,67,54,59,69,81,59,82,59,72,67,62,54
2020-03-26 10:00:00+00:00,59,63,58,58,65,66,79,55,59,83,59,59,59,63,70,76,58,57,51,59,56,83,68,63,77,55,53,52,57,48,60,59,83,58,65,57,82,54,65,52,49,59,69,57,82,54,64,59,57,52
2020-03-26 11:00:00+00:00,55,81,58,58,64,62,78,59,59,81,63,54,60,59,65,76,58,51,51,63,56,81,59,58,78,58,55,58,57,45,56,59,81,58,66,55,81,54,62,52,50,64,70,58,68,64,58,59,56,52
2020-03-26 12:00:00+00:00,52,74,55,56,56,54,71,53,56,77,50,49,56,55,65,69,52,54,54,55,55,76,55,56,72,52,51,54,52,41,54,48,74,51,59,52,74,53,53,54,47,59,61,51,63,55,55,55,54,54
2020-03-26 13:00:00+00:00,57,71,61,61,64,61,71,57,57,79,58,54,59,60,61,68,55,52,57,58,49,80,60,58,79,65,53,58,61,47,56,54,78,57,68,51,79,61,55,56,50,67,68,56,80,66,58,57,57,56
2020-03-26 14:00:00+00:00,57,78,59,71,59,59,72,51,55,77,51,52,59,59,69,71,57,51,55,58,52,78,58,58,77,60,55,58,58,47,59,54,76,49,59,58,77,56,58,55,49,60,66,53,78,57,57,58,54,55
2020-03-26 15:00:00+00:00,56,79,56,63,65,57,73,54,58,78,56,55,65,54,71,71,56,48,57,57,65,79,62,52,78,56,48,57,63,40,61,54,77,56,62,54,78,56,63,50,49,69,65,53,79,59,56,56,53,50
2020-03-26 16:00:00+00:00,63,72,66,63,66,65,71,63,64,73,66,62,61,63,68,70,64,63,59,63,66,73,64,66,72,62,61,67,61,59,61,65,72,64,69,64,72,58,67,60,60,66,70,64,71,65,66,66,60,60
2020-03-26 17:00:00+00:00,58,78,68,64,75,66,72,58,64,77,63,52,62,62,76,70,65,58,57,65,62,78,73,57,77,58,58,65,71,52,69,62,76,59,72,60,77,59,69,51,49,69,74,53,77,55,64,69,60,51
2020-03-26 18:00:00+00:00,56,77,60,63,64,49,78,53,60,78,54,56,68,54,70,75,62,53,59,58,55,78,62,61,78,59,52,62,62,52,62,61,78,51,70,55,78,46,67,51,50,63,75,57,72,52,61,65,57,51
2020-03-26 19:00:00+00:00,58,58,58,56,58,54,77,55,63,77,59,53,60,56,62,77,53,55,56,55,56,77,58,62,77,58,49,62,55,48,56,56,77,53,62,56,77,55,59,50,52,60,75,53,77,51,57,63,54,50
2020-03-26 20:00:00+00:00,52,71,57,54,56,56,70,53,57,72,57,54,56,52,57,70,57,56,51,56,54,72,57,57,71,51,55,55,51,51,54,54,71,52,56,52,71,51,53,49,48,58,70,49,72,52,55,59,54,49
2020-03-26 21:00:00+00:00,50,67,50,56,50,52,64,51,50,70,53,51,46,51,59,63,52,51,47,51,54,69,51,57,65,46,47,54,47,45,49,48,67,50,54,50,67,47,53,48,50,56,63,50,69,50,50,53,47,48
2020-03-26 22:00:00+00:00,53,69,61,56,52,54,67,53,52,71,54,55,49,50,54,67,54,54,49,54,54,70,55,59,68,52,50,62,53,52,53,53,69,55,54,53,69,52,54,50,52,58,67,52,70,53,55,60,50,50
2020-03-26 23:00:00+00:00,60,82,74,69,65,71,80,62,61,84,66,67,60,64,79,80,69,65,56,61,70,84,66,73,81,60,63,72,64,58,65,66,82,62,67,65,83,60,66,58,63,65,80,68,84,65,67,80,62,58
2020-03-27 00:00:00+00:00,65,85,77,72,69,72,82,67,68,85,74,76,64,69,75,82,82,70,65,69,65,86,69,71,85,65,65,83,64,67,64,67,84,69,74,69,85,61,68,67,65,71,82,78,85,69,73,82,61,67
2020-03-27 01:00:00+00:00,76,83,79,83,79,82,81,75,75,82,81,76,69,83,79,80,79,79,67,82,78,83,72,78,83,67,72,82,66,76,72,83,82,80,82,80,82,67,82,74,83,82,82,80,83,83,82,83,71,74
2020-03-27 02:00:00+00:00,81,83,78,77,83,83,81,81,81,83,81,81,78,82,82,79,78,79,76,80,80,83,83,77,83,71,83,80,78,78,81,84,83,80,83,80,83,79,83,80,84,79,84,80,83,83,84,84,74,80
2020-03-27 03:00:00+00:00,81,82,78,82,82,82,81,83,80,82,80,81,81,81,79,79,80,80,78,80,80,82,82,79,82,77,82,79,77,79,81,84,82,80,82,80,82,81,82,82,83,76,83,80,79,82,84,84,82,82
2020-03-27 04:00:00+00:00,75,82,77,82,82,82,80,83,79,82,79,80,81,83,82,78,80,79,82,79,82,82,81,79,82,82,82,79,81,79,83,84,82,79,82,82,82,82,82,82,83,78,83,79,78,82,83,84,82,82
2020-03-27 05:00:00+00:00,79,82,76,82,82,82,79,82,78,82,78,80,77,83,82,77,76,78,79,78,78,82,78,78,82,82,72,78,79,83,82,83,82,78,82,78,82,72,82,82,83,82,83,78,82,82,83,84,77,82
2020-03-27 06:00:00+00:00,82,82,78,82,84,83,82,85,81,83,81,81,73,85,82,79,73,81,74,80,78,82,77,80,83,74,78,80,79,70,74,86,83,81,83,83,83,72,82,68,85,77,86,75,82,82,86,87,68,68
2020-03-27 07:00:00+00:00,79,82,73,82,81,80,80,81,76,82,79,77,63,76,82,78,79,78,70,79,76,82,72,79,82,68,69,79,66,72,70,82,82,77,82,77,82,72,82,75,73,69,82,79,70,76,82,82,69,75
2020-03-27 08:00:00+00:00,69,83,61,72,78,69,81,64,72,83,79,68,64,69,75,79,69,71,61,77,71,83,64,73,83,69,64,74,67,64,66,84,83,72,71,69,83,64,73,64,70,83,83,61,83,69,83,69,58,64
2020-03-27 09:00:00+00:00,65,72,57,66,69,67,83,60,66,83,70,66,60,61,62,80,68,63,56,64,68,83,66,49,83,63,58,65,64,55,59,62,84,66,69,63,84,60,73,58,57,70,78,56,73,56,69,62,62,58
2020-03-27 10:00:00+00:00,60,67,55,55,66,59,80,63,62,82,59,53,52,59,58,78,60,59,53,60,63,82,59,64,79,52,51,59,58,48,60,56,81,58,58,59,81,55,62,53,53,59,73,52,71,53,59,64,54,53
2020-03-27 11:00:00+00:00,56,56,55,57,58,57,72,53,56,77,56,51,56,52,57,72,55,55,52,51,59,76,58,58,73,56,45,56,53,42,56,51,74,54,57,52,74,49,57,46,46,61,65,55,67,56,55,58,51,46
2020-03-27 12:00:00+00:00,56,77,54,58,58,59,76,55,62,79,58,55,58,55,66,76,55,54,55,57,58,78,55,55,77,56,55,53,57,51,57,52,77,59,59,56,78,54,60,51,53,63,74,56,78,59,58,66,54,51
2020-03-27 13:00:00+00:00,57,63,58,58,58,57,74,55,58,80,53,55,58,57,72,71,56,53,53,60,64,80,57,58,78,53,57,61,59,52,62,55,79,57,61,56,79,50,57,58,51,63,73,57,66,59,62,54,54,58
2020-03-27 14:00:00+00:00,55,59,67,61,61,54,74,53,59,81,55,55,56,54,65,71,58,54,53,59,59,80,56,60,77,55,47,59,55,50,57,55,78,55,61,57,79,55,59,54,53,67,72,56,80,58,60,60,52,54
2020-03-27 15:00:00+00:00,52,71,55,60,55,52,67,50,53,74,54,51,53,49,66,67,55,53,49,54,54,73,53,54,69,50,50,55,52,49,51,55,71,53,58,49,71,47,54,49,53,57,67,50,64,47,54,60,52,49
2020-03-27 16:00:00+00:00,55,72,52,57,54,54,69,50,52,76,55,48,49,52,64,68,57,51,50,56,53,75,53,45,70,49,50,55,50,44,54,55,72,54,57,54,73,40,55,52,52,62,68,51,60,50,54,57,51,52
2020-03-27 17:00:00+00:00,60,72,63,59,69,56,78,62,64,80,59,58,60,55,59,76,60,56,58,60,50,80,63,61,81,64,54,66,64,52,61,56,80,60,65,58,80,58,60,49,54,67,74,53,80,58,70,64,55,49
2020-03-27 18:00:00+00:00,63,70,73,61,71,64,76,62,67,79,65,56,72,56,67,73,67,58,58,67,56,79,72,67,80,73,64,67,69,51,68,60,79,61,72,67,79,59,69,54,55,70,80,57,80,56,71,71,59,54
2020-03-27 19:00:00+00:00,59,69,60,60,59,58,78,54,60,81,56,56,58,58,66,77,61,56,52,61,52,80,63,67,79,58,57,60,57,52,59,56,79,57,64,57,80,59,58,53,58,61,78,57,80,58,60,67,54,53
2020-03-27 20:00:00+00:00,54,74,58,56,57,56,72,55,57,75,54,51,54,55,61,72,57,56,55,57,56,75,53,57,73,53,57,58,55,53,56,52,74,55,57,56,74,49,55,52,56,61,72,54,75,53,55,57,50,52
2020-03-27 21:00:00+00:00,51,72,56,58,56,53,69,53,55,74,57,56,54,50,62,69,55,52,51,54,56,74,54,61,70,52,52,62,54,51,53,50,72,54,58,54,72,54,56,52,55,61,69,51,73,54,56,56,48,52
2020-03-27 22:00:00+00:00,56,75,59,57,56,58,74,59,59,76,58,59,58,52,64,74,57,55,53,60,60,76,59,67,75,54,54,64,56,56,56,52,75,58,59,56,75,54,56,59,60,64,74,58,76,59,62,67,55,59
2020-03-27 23:00:00+00:00,59,77,71,64,59,63,78,59,61,78,66,61,62,62,73,76,66,63,60,64,65,77,64,71,78,59,57,70,60,60,62,64,79,60,69,59,78,59,60,56,63,68,78,64,78,63,68,76,56,56
2020-03-28 00:00:00+00:00,67,78,76,70,70,76,80,72,72,79,79,72,65,70,78,78,73,72,59,73,74,78,73,74,79,56,69,79,67,67,69,72,80,79,80,72,79,73,72,72,70,73,82,79,79,78,76,79,69,72
2020-03-28 01:00:00+00:00,79,84,81,78,83,73,83,72,73,83,77,79,66,74,76,82,83,71,70,83,65,83,72,74,84,71,70,84,68,72,68,81,83,82,84,70,83,63,74,72,84,79,84,83,84,84,84,84,71,72
2020-03-28 02:00:00+00:00,82,83,71,66,83,74,82,83,82,83,82,82,59,77,74,82,73,82,70,83,82,83,83,82,83,69,69,83,69,71,69,83,83,82,83,80,83,59,83,73,83,83,83,78,83,83,83,83,70,73
2020-03-28 03:00:00+00:00,80,82,78,82,81,74,80,82,80,82,80,80,69,82,82,79,80,77,70,80,82,82,82,79,82,82,82,80,67,77,71,83,82,79,82,82,82,69,82,67,81,83,82,79,82,82,81,83,69,67
2020-03-28 04:00:00+00:00,72,82,77,81,81,81,79,81,79,81,79,79,74,82,81,78,79,78,71,79,82,81,82,78,81,74,74,79,70,82,77,82,81,78,81,81,81,74,81,72,82,82,81,78,81,81,82,82,82,72
2020-03-28 05:00:00+00:00,77,77,76,77,77,77,77,77,76,77,77,77,77,77,77,76,77,73,77,77,77,77,77,76,77,77,77,77,76,76,77,77,77,76,77,77,77,77,77,77,77,77,77,76,77,77,77,77,77,77
2020-03-28 06:00:00+00:00,78,80,74,79,79,79,78,79,77,79,77,78,74,80,79,76,77,77,79,76,80,79,80,76,79,76,80,76,76,73,80,80,79,77,79,79,79,74,79,75,80,80,79,77,79,79,80,80,77,75
2020-03-28 07:00:00+00:00,75,77,72,76,76,76,75,77,74,76,75,75,72,77,76,74,75,74,73,75,77,76,77,74,77,77,74,75,73,77,77,77,76,74,76,76,76,69,76,77,77,77,77,74,76,76,72,77,77,77
2020-03-28 08:00:00+00:00,74,76,72,76,76,76,74,75,74,76,74,75,73,77,76,73,74,74,65,74,76,76,76,74,76,77,71,74,73,73,77,77,76,74,76,76,76,63,76,75,77,77,76,74,76,76,76,77,74,75
2020-03-28 09:00:00+00:00,73,80,71,76,78,79,76,68,75,79,75,72,70,64,78,73,73,75,66,73,73,79,75,72,79,67,62,75,68,62,62,74,79,74,79,73,79,63,78,68,73,79,77,66,79,76,80,70,62,68
2020-03-28 10:00:00+00:00,62,80,70,69,70,73,75,67,67,79,70,61,65,60,75,72,68,59,64,71,72,79,67,69,79,65,62,74,63,58,62,52,78,68,76,69,79,59,72,59,57,79,75,68,79,53,73,71,59,59
2020-03-28 11:00:00+00:00,59,79,65,72,71,72,74,59,61,78,62,49,64,52,71,71,58,54,54,65,66,78,65,61,78,57,56,72,63,54,57,53,77,58,74,65,78,54,64,56,53,74,70,58,79,58,63,59,53,56
2020-03-28 12:00:00+00:00,59,73,67,69,72,68,70,56,63,72,59,55,67,55,72,68,66,55,60,67,72,72,63,68,73,65,56,70,62,56,61,57,72,58,72,62,72,59,72,56,54,73,72,58,73,54,67,63,58,56
2020-03-28 13:00:00+00:00,55,68,64,68,67,61,66,55,63,68,64,59,67,58,67,65,67,56,57,67,60,68,60,66,68,65,61,68,58,57,59,58,68,59,68,58,68,57,67,57,57,68,68,57,68,55,59,62,59,57
2020-03-28 14:00:00+00:00,63,67,61,67,66,66,64,60,63,67,64,64,67,58,66,62,64,55,58,65,67,67,61,64,67,67,67,66,66,56,64,53,66,62,67,64,67,57,66,62,59,68,67,55,67,67,64,67,64,62
2020-03-28 15:00:00+00:00,63,67,61,67,66,66,64,64,64,67,64,61,67,58,66,63,65,59,57,66,61,67,64,64,67,67,67,66,67,63,68,68,67,63,67,66,67,57,66,58,61,68,67,63,67,58,67,68,66,58
2020-03-28 16:00:00+00:00,65,68,63,67,67,67,65,58,65,67,65,59,68,59,67,64,66,57,59,67,53,67,68,65,67,67,68,67,68,58,68,56,67,64,67,67,67,63,67,65,64,68,67,65,67,62,67,68,67,65
2020-03-28 17:00:00+00:00,65,71,68,68,71,57,69,62,66,71,67,53,66,59,71,69,68,55,57,66,50,71,59,69,71,67,64,70,66,56,66,58,71,63,71,64,71,58,68,52,56,72,71,59,71,66,64,70,64,52
2020-03-28 18:00:00+00:00,62,73,71,68,72,57,72,62,63,73,68,51,64,55,70,71,64,56,58,69,54,73,59,64,73,66,61,72,66,52,63,55,72,60,73,69,73,63,69,58,57,73,73,63,73,58,65,67,61,58
2020-03-28 19:00:00+00:00,70,75,69,70,74,74,72,74,70,74,71,60,70,60,74,70,72,69,71,71,63,74,75,71,75,72,73,71,74,57,73,58,74,69,74,75,74,71,71,64,65,75,75,70,75,74,74,76,73,64
2020-03-28 20:00:00+00:00,63,75,71,70,67,69,73,71,63,74,67,57,67,57,74,73,68,62,57,69,66,74,70,66,74,63,66,73,68,58,65,61,74,63,72,71,74,56,63,60,59,73,74,62,74,71,69,66,64,60
2020-03-28 21:00:00+00:00,62,77,73,67,66,63,75,67,62,77,71,59,58,63,76,73,66,60,51,68,71,77,68,69,77,66,64,74,66,58,62,59,76,66,73,72,77,62,64,59,58,74,76,65,77,71,68,64,60,59
2020-03-28 22:00:00+00:00,71,74,68,73,72,69,71,74,70,74,71,69,65,73,73,69,71,70,55,72,74,74,74,70,74,72,72,72,72,69,68,69,73,70,74,74,74,72,70,71,70,75,74,70,74,74,74,75,71,71
2020-03-28 23:00:00+00:00,66,73,72,64,68,68,72,66,66,73,72,71,66,60,73,72,69,66,63,66,67,73,65,69,73,68,64,72,63,59,61,64,73,68,73,72,73,58,69,64,59,72,73,70,73,68,69,64,63,64
2020-03-29 00:00:00+00:00,71,72,70,72,72,72,71,72,70,72,71,71,72,70,72,71,71,71,71,72,72,72,72,71,72,72,68,72,68,59,63,70,72,71,72,72,72,64,72,68,59,72,72,71,72,72,71,70,68,68
2020-03-29 01:00:00+00:00,70,72,69,72,71,71,70,72,70,72,70,70,72,72,71,69,70,70,71,71,72,72,72,70,72,72,72,71,67,72,72,72,71,70,72,72,72,65,71,72,72,72,72,70,72,72,72,72,72,72
2020-03-29 02:00:00+00:00,69,70,68,70,69,70,69,70,69,70,69,69,70,70,70,68,69,67,70,69,70,70,70,69,70,70,70,70,70,70,70,70,70,68,70,70,70,70,69,70,70,70,70,69,70,70,70,70,67,70
2020-03-29 03:00:00+00:00,70,71,70,71,71,71,70,71,70,71,70,70,71,71,71,70,70,70,71,71,71,71,71,70,71,71,65,71,71,71,71,71,71,70,71,71,71,71,71,66,71,71,71,70,71,71,71,71,71,66
2020-03-29 04:00:00+00:00,71,72,71,72,72,72,71,72,71,72,72,72,72,72,72,71,72,71,72,72,72,72,72,72,72,72,72,73,72,69,72,72,72,71,72,72,72,72,72,72,72,72,72,71,72,72,72,72,72,72
2020-03-29 05:00:00+00:00,71,72,69,72,72,72,71,71,70,72,71,71,72,72,72,70,71,70,72,71,72,72,72,70,72,72,72,71,72,66,72,72,72,70,72,72,72,72,72,70,72,72,72,70,72,72,72,72,72,70
2020-03-29 06:00:00+00:00,71,72,70,72,72,72,71,70,71,72,70,71,72,72,72,70,71,71,72,70,72,72,72,70,72,72,72,70,72,67,72,72,72,71,72,72,72,71,72,72,72,72,72,71,72,72,72,72,72,72
2020-03-29 07:00:00+00:00,70,72,69,72,71,71,70,70,70,71,70,70,72,72,71,69,70,70,70,69,72,71,72,69,72,72,72,69,72,63,69,72,71,70,71,72,71,63,71,72,72,72,72,70,72,72,72,72,66,72
2020-03-29 08:00:00+00:00,70,72,69,72,71,71,70,71,70,72,70,70,72,72,71,69,70,70,67,70,72,72,72,70,72,67,72,70,72,67,70,72,71,70,72,72,72,65,71,72,72,72,72,70,72,72,72,72,67,72
2020-03-29 09:00:00+00:00,68,72,69,72,71,72,70,68,70,72,70,69,69,68,72,70,71,69,65,71,73,72,69,66,72,63,73,71,70,64,67,71,72,70,72,69,72,60,72,73,70,73,72,70,72,71,73,73,61,73
2020-03-29 10:00:00+00:00,62,72,69,72,71,72,71,68,66,72,70,59,69,66,72,69,70,65,63,70,73,72,67,70,72,72,66,70,70,61,70,62,72,65,72,71,72,60,71,69,61,73,72,65,72,72,73,67,60,69
2020-03-29 11:00:00+00:00,59,75,69,70,67,69,72,64,63,74,71,55,65,59,74,70,64,58,59,66,70,74,63,65,75,68,57,71,66,57,59,62,74,63,74,67,74,58,72,62,59,75,72,65,75,67,63,58,58,62
2020-03-29 12:00:00+00:00,59,72,67,71,69,71,69,61,59,71,69,54,67,59,71,68,65,58,61,66,69,71,66,66,71,68,60,69,69,58,65,57,71,60,71,69,71,56,71,60,55,72,71,57,71,65,64,60,58,60
2020-03-29 13:00:00+00:00,58,70,66,69,65,63,68,59,59,69,68,56,62,57,69,67,62,58,61,64,70,69,60,65,70,66,60,69,60,56,59,55,69,58,69,59,69,54,69,58,55,70,70,57,70,62,58,59,58,58
2020-03-29 14:00:00+00:00,58,71,66,70,64,60,68,59,64,71,67,59,63,57,70,67,62,54,57,62,71,71,60,68,71,67,60,69,65,57,59,57,71,59,71,58,71,59,70,59,57,72,71,55,71,55,61,58,58,59
2020-03-29 15:00:00+00:00,62,68,61,68,67,67,64,64,64,67,64,54,68,56,67,63,65,56,59,65,56,67,66,64,68,66,65,66,64,59,63,53,67,61,68,68,68,61,67,65,59,68,68,62,68,58,61,69,60,65
2020-03-29 16:00:00+00:00,58,70,68,69,61,58,69,57,61,70,68,53,62,52,70,68,63,55,57,62,54,70,58,67,70,60,64,69,58,59,58,51,70,58,70,57,70,58,70,63,59,70,70,59,70,54,58,68,58,63
2020-03-29 17:00:00+00:00,66,70,66,68,69,69,68,69,65,70,68,58,70,65,69,67,68,57,58,68,70,70,70,67,70,63,66,68,59,58,70,54,69,63,70,70,70,60,69,59,59,70,70,59,70,70,69,66,63,59
2020-03-29 18:00:00+00:00,67,74,72,69,72,64,73,67,68,74,69,56,68,58,73,72,70,59,55,72,67,74,69,72,74,69,71,72,63,61,68,63,73,67,70,72,74,60,72,64,65,69,74,56,74,67,71,71,66,64
2020-03-29 19:00:00+00:00,66,79,78,63,66,65,79,63,66,79,68,66,65,59,76,77,66,59,52,68,59,79,68,73,79,63,66,71,66,53,66,61,79,66,75,66,79,66,65,63,64,72,79,59,79,65,63,71,68,63
2020-03-29 20:00:00+00:00,66,81,72,64,63,61,79,65,65,81,75,65,66,60,75,79,68,60,63,67,65,81,61,69,81,65,68,79,63,59,65,56,81,62,72,63,81,61,67,60,65,71,78,61,81,65,66,64,61,60
2020-03-29 21:00:00+00:00,66,79,77,69,66,68,78,68,72,79,77,74,68,68,76,76,69,68,63,71,70,79,72,77,79,66,63,76,66,66,72,69,79,68,76,71,79,66,72,66,71,72,79,74,79,71,74,80,71,66
2020-03-29 22:00:00+00:00,66,81,79,69,66,73,80,68,69,80,79,75,72,69,76,79,73,68,70,71,71,80,73,79,80,66,69,78,73,59,72,69,80,68,80,71,80,66,66,74,71,75,81,73,80,73,77,81,68,74
2020-03-29 23:00:00+00:00,62,78,69,66,59,65,77,63,70,78,78,66,63,64,73,78,65,63,61,64,63,78,62,66,78,63,63,78,63,67,65,72,78,70,78,70,78,61,63,71,68,67,78,73,78,68,77,78,59,71
2020-03-30 00:00:00+00:00,82,84,81,79,76,73,81,69,84,84,75,83,65,81,78,80,83,79,63,78,84,84,73,81,84,70,75,77,70,76,70,69,84,83,84,78,84,67,83,67,81,84,84,84,84,71,81,83,70,67
2020-03-30 01:00:00+00:00,78,78,76,78,78,78,78,78,77,78,76,78,70,78,78,76,77,75,66,75,78,78,78,76,78,78,70,74,70,78,71,78,78,78,78,78,78,68,78,74,78,71,78,77,78,78,78,78,71,74
2020-03-30 02:00:00+00:00,83,83,80,83,83,81,83,83,83,83,83,83,75,83,83,83,83,83,76,83,83,83,83,83,83,73,77,83,75,77,73,83,83,83,83,83,83,76,83,78,83,83,83,83,83,83,83,83,83,78
2020-03-30 03:00:00+00:00,82,82,80,82,82,79,82,82,82,82,82,80,82,82,82,82,82,82,82,82,82,82,82,82,82,82,82,82,81,78,77,82,82,82,82,82,82,78,82,82,82,82,82,82,78,82,82,82,82,82
2020-03-30 04:00:00+00:00,81,81,79,81,81,77,81,81,81,81,81,81,70,81,81,81,81,81,79,81,81,81,78,81,81,74,81,81,81,81,77,81,81,81,81,81,81,70,81,81,81,81,81,81,81,81,81,81,81,81
2020-03-30 05:00:00+00:00,82,82,82,80,82,82,82,82,81,82,82,82,73,82,80,82,82,82,74,82,82,82,71,82,82,82,79,82,77,72,82,82,82,82,82,82,82,72,82,75,82,82,82,82,82,82,82,82,68,75
2020-03-30 06:00:00+00:00,75,81,81,77,74,81,81,81,81,81,81,78,74,81,81,81,81,81,71,81,81,81,75,79,81,77,76,81,74,73,74,81,81,81,80,80,81,74,81,81,81,76,81,81,75,81,81,81,77,81
2020-03-30 07:00:00+00:00,74,81,81,79,76,80,81,77,81,81,81,81,72,75,81,81,81,81,66,81,81,81,77,81,81,72,74,76,72,75,77,72,81,79,81,77,81,71,81,68,74,77,81,81,81,80,78,81,74,68
2020-03-30 08:00:00+00:00,73,81,78,73,74,74,81,57,78,81,79,74,74,69,75,81,76,74,59,80,73,81,80,75,81,67,76,73,73,71,67,65,81,74,81,72,81,69,81,58,79,76,81,73,81,78,73,79,74,58
2020-03-30 09:00:00+00:00,59,76,68,67,64,63,83,66,69,83,73,58,69,63,73,83,67,69,58,71,74,83,67,69,83,66,66,74,66,52,60,61,83,60,75,63,83,58,76,62,65,64,83,57,83,54,67,72,66,62
2020-03-30 10:00:00+00:00,58,69,69,62,65,69,83,58,71,82,70,55,65,61,74,84,69,67,59,68,74,83,64,69,82,62,69,74,59,54,60,63,82,56,70,53,82,61,75,59,68,72,83,55,82,64,59,71,58,59
2020-03-30 11:00:00+00:00,56,84,72,64,70,69,77,70,69,83,64,59,79,68,81,73,62,64,63,65,73,84,73,48,83,72,62,69,68,54,69,55,82,65,62,58,83,72,74,57,55,72,79,59,80,75,64,70,59,57
2020-03-30 12:00:00+00:00,65,82,67,58,72,77,75,69,68,81,63,61,72,57,76,71,58,63,56,65,69,82,67,67,81,71,60,72,73,55,69,62,80,63,71,67,81,54,68,52,54,70,79,65,76,61,64,67,61,52
2020-03-30 13:00:00+00:00,63,78,63,63,75,66,73,62,63,78,64,66,75,65,72,71,65,58,59,65,59,78,75,57,78,67,58,73,73,50,70,55,77,63,72,73,78,70,65,64,53,73,77,55,78,62,78,67,59,64
2020-03-30 14:00:00+00:00,55,68,64,62,69,64,76,53,61,77,59,57,70,54,65,74,59,58,57,65,72,77,57,65,77,62,58,59,63,55,58,57,77,52,67,50,77,58,68,58,54,64,71,58,77,58,66,59,56,58
2020-03-30 15:00:00+00:00,55,77,68,66,70,66,75,61,67,77,62,60,73,64,61,73,63,54,59,63,68,77,65,63,77,63,59,70,66,50,60,61,76,63,68,62,77,58,69,62,57,69,76,61,77,59,62,70,58,62
2020-03-30 16:00:00+00:00,61,76,70,56,75,65,72,60,72,76,70,71,75,66,76,71,72,59,57,70,74,76,76,71,76,74,70,72,66,57,72,60,75,57,74,67,76,73,76,55,63,76,75,63,76,57,75,76,69,55
2020-03-30 17:00:00+00:00,63,77,64,61,71,66,79,68,66,80,64,69,72,60,74,78,65,58,56,66,60,81,71,65,80,64,65,60,70,57,66,60,80,59,72,61,80,61,67,58,59,64,79,58,81,54,64,71,66,58
2020-03-30 18:00:00+00:00,66,78,74,76,78,76,76,64,75,78,75,56,74,67,78,74,76,65,58,74,54,78,77,71,79,77,67,73,76,55,69,78,78,59,71,73,79,57,71,54,66,75,79,58,78,66,60,76,68,54
2020-03-30 19:00:00+00:00,58,80,70,61,64,62,80,65,60,80,65,60,60,56,73,79,55,58,56,64,67,80,66,65,80,64,61,65,59,57,56,63,80,62,65,58,80,60,65,53,59,64,80,59,80,58,64,68,57,53
2020-03-30 20:00:00+00:00,75,80,76,69,73,69,78,75,73,80,75,70,74,69,72,76,69,70,62,73,73,80,78,76,80,67,69,76,70,62,69,72,79,73,76,73,80,71,72,69,70,74,79,72,80,73,79,79,69,69
2020-03-30 21:00:00+00:00,58,77,76,57,62,60,77,62,60,77,62,64,58,57,70,77,62,59,58,60,63,77,60,68,77,62,60,64,58,60,62,58,77,65,62,60,77,58,62,60,58,60,77,62,77,60,66,71,60,60
2020-03-30 22:00:00+00:00,60,74,67,59,59,58,74,57,56,75,65,59,56,56,70,74,56,60,48,60,68,75,59,68,74,59,56,72,56,58,59,59,74,59,59,58,75,56,60,56,56,58,74,62,75,59,64,72,56,56
2020-03-30 23:00:00+00:00,52,68,64,56,55,58,66,52,53,71,63,53,52,54,64,66,54,55,52,55,68,70,54,65,68,54,56,67,51,55,56,56,68,57,57,54,69,54,56,54,52,58,66,61,70,58,57,66,50,54
2020-03-31 00:00:00+00:00,68,80,76,73,71,78,79,66,79,81,73,77,56,78,74,79,79,79,62,70,68,81,63,78,80,63,68,79,63,65,64,79,80,79,80,79,80,63,80,59,73,70,79,79,81,79,79,79,66,59
2020-03-31 01:00:00+00:00,80,81,76,74,81,79,80,70,80,81,80,78,65,81,71,80,80,80,70,80,81,81,81,80,81,69,70,80,69,71,70,81,81,80,81,81,81,64,81,64,81,81,81,78,81,63,81,81,70,64
2020-03-31 02:00:00+00:00,80,80,74,80,80,78,80,81,80,80,80,80,72,81,75,80,80,80,71,80,80,80,80,80,80,79,80,79,72,78,77,81,80,80,80,80,80,71,80,75,78,80,81,80,80,79,81,81,80,75
2020-03-31 03:00:00+00:00,80,81,78,81,81,80,80,81,79,81,79,80,77,81,76,78,76,73,81,78,81,81,77,78,81,81,81,78,79,81,81,81,81,79,81,81,81,78,81,81,77,76,81,79,81,81,81,81,81,81
2020-03-31 04:00:00+00:00,81,81,79,81,78,81,81,82,80,82,80,81,75,82,78,79,80,80,79,79,78,81,75,79,82,81,82,79,70,82,82,83,82,80,82,82,82,73,80,78,82,81,83,80,81,81,83,83,77,78
2020-03-31 05:00:00+00:00,75,81,78,79,81,81,80,81,74,81,78,80,74,81,74,78,79,79,71,78,73,81,72,78,81,73,76,78,74,81,75,82,81,79,81,81,81,67,81,71,81,81,81,73,71,81,81,82,74,71
2020-03-31 06:00:00+00:00,79,81,79,76,80,80,79,81,78,80,78,79,77,80,80,78,79,79,76,77,81,80,77,78,80,80,78,77,80,74,77,72,80,79,80,80,80,76,80,79,81,81,81,79,80,80,81,80,80,79
2020-03-31 07:00:00+00:00,79,80,78,73,80,79,79,80,78,80,78,71,78,75,78,78,79,79,63,77,78,80,80,78,80,75,77,77,75,75,75,78,80,77,80,79,80,75,80,64,80,78,80,79,80,80,80,80,75,64
2020-03-31 08:00:00+00:00,72,81,74,75,81,64,79,78,70,81,77,67,75,70,74,76,69,69,73,75,77,81,73,53,81,75,67,76,76,57,67,74,81,65,81,72,81,67,79,69,66,77,81,70,81,78,71,74,66,69
2020-03-31 09:00:00+00:00,57,72,66,71,68,59,82,63,63,84,71,54,62,59,71,79,63,62,61,64,72,85,60,69,83,64,64,64,62,53,59,58,83,56,72,55,84,61,72,59,57,70,78,63,85,52,61,60,61,59
2020-03-31 10:00:00+00:00,57,75,59,68,64,56,80,61,59,81,65,59,67,63,73,79,63,59,55,65,72,81,58,62,80,60,54,69,60,49,58,60,80,57,72,62,80,58,65,55,59,69,76,60,76,63,62,70,56,55
2020-03-31 11:00:00+00:00,53,83,63,63,63,69,78,59,58,82,59,51,66,62,69,77,53,58,66,59,70,83,64,61,79,62,56,68,66,49,57,52,81,63,66,60,81,59,68,54,54,65,72,52,72,65,59,67,54,54
2020-03-31 12:00:00+00:00,55,83,64,62,59,64,74,59,59,83,59,53,65,55,74,74,58,51,57,58,67,84,61,60,77,56,49,63,60,45,53,53,83,59,67,57,82,50,66,59,51,67,68,56,74,57,63,60,52,59
2020-03-31 13:00:00+00:00,56,75,65,66,66,59,70,62,62,74,61,57,74,57,74,69,60,59,56,61,69,75,64,61,74,61,50,60,74,52,63,64,73,59,73,57,74,60,72,62,57,68,71,56,74,72,71,64,55,62
2020-03-31 14:00:00+00:00,53,76,65,65,62,64,70,57,65,75,62,61,73,60,75,68,63,53,56,60,73,76,61,61,75,68,60,67,73,51,63,59,74,52,70,49,75,68,70,58,57,70,72,54,75,69,63,63,56,58
2020-03-31 15:00:00+00:00,63,76,57,73,69,60,69,63,68,75,64,61,76,64,75,67,65,60,57,65,73,76,57,68,75,73,60,69,71,55,67,62,73,61,74,59,74,63,74,68,57,73,71,63,75,56,71,69,57,68
2020-03-31 16:00:00+00:00,59,76,67,76,72,69,69,69,65,75,67,55,76,67,76,68,66,57,64,69,76,76,72,69,75,77,55,66,77,54,71,63,74,63,74,59,75,75,75,59,57,76,71,57,76,77,71,67,58,59
2020-03-31 17:00:00+00:00,58,77,69,64,67,59,74,61,66,76,66,57,74,58,73,74,63,57,62,62,75,77,61,68,76,67,58,64,72,50,59,59,75,57,71,47,76,62,73,53,57,67,74,60,76,53,69,64,56,53
2020-03-31 18:00:00+00:00,61,75,64,63,67,61,77,53,60,78,64,52,70,57,68,76,63,57,56,57,55,79,65,65,78,70,55,67,70,54,58,58,78,61,72,53,78,62,64,52,56,71,77,66,76,59,62,64,56,52
2020-03-31 19:00:00+00:00,57,77,61,60,58,57,76,55,56,79,62,55,61,57,71,76,60,58,56,55,61,78,61,66,77,55,55,63,59,56,56,59,77,53,62,55,78,59,58,55,59,64,76,57,78,54,58,68,55,55
2020-03-31 20:00:00+00:00,60,77,64,63,61,64,76,61,66,77,64,62,59,64,72,74,64,58,60,64,62,77,65,71,77,59,55,69,57,56,64,60,77,64,67,62,77,60,61,57,64,73,77,65,77,62,65,68,58,57
2020-03-31 21:00:00+00:00,58,78,64,56,58,60,77,59,60,79,65,60,55,57,73,77,63,62,53,63,63,79,59,68,78,58,58,73,55,58,61,58,78,59,63,59,78,62,59,55,62,66,77,59,79,60,58,66,55,55
2020-03-31 22:00:00+00:00,60,79,70,64,60,64,79,60,64,79,70,62,62,59,73,78,65,66,64,64,62,79,62,70,79,60,65,77,65,59,61,62,79,63,65,64,79,58,60,58,65,62,78,70,79,62,66,68,55,58
2020-03-31 23:00:00+00:00,62,76,71,64,61,69,76,62,64,76,76,69,58,61,72,76,66,66,58,61,68,76,59,66,76,59,59,75,59,61,63,74,76,64,66,66,76,57,65,64,65,59,76,74,76,74,66,76,60,64
2020-04-01 00:00:00+00:00,75,76,72,76,76,76,75,76,75,76,75,75,72,76,76,74,75,75,66,75,76,76,72,73,76,74,76,74,76,74,65,77,76,75,76,76,76,65,76,57,76,76,76,75,76,76,76,77,71,57
2020-04-01 01:00:00+00:00,75,74,76,75,75,75,75,74,76,75,76,75,69,74,75,76,76,76,69,76,74,75,74,76,75,74,71,77,72,70,74,74,75,76,75,75,75,74,75,74,74,74,74,76,75,75,74,74,74,74
2020-04-01 02:00:00+00:00,75,76,75,76,75,75,75,76,75,75,75,75,74,76,75,75,75,75,76,75,76,75,76,75,75,76,74,74,74,76,76,76,75,75,75,75,75,74,75,76,76,76,76,75,75,76,76,76,76,76
2020-04-01 03:00:00+00:00,76,75,77,75,75,75,76,75,76,75,75,76,73,75,75,76,73,73,75,74,75,75,75,76,75,75,75,74,75,75,75,75,75,76,75,75,75,73,75,75,75,75,75,76,75,75,75,75,75,75
2020-04-01 04:00:00+00:00,77,75,79,76,76,76,77,76,77,76,77,77,75,75,76,78,77,78,75,76,75,76,75,77,75,75,75,75,75,75,75,75,76,78,76,76,76,70,76,75,75,75,75,77,75,76,75,75,75,75
2020-04-01 05:00:00+00:00,70,68,72,68,69,69,70,68,71,68,70,70,68,68,69,71,70,71,68,70,68,68,68,71,68,68,68,70,68,68,68,67,69,71,68,68,68,68,69,68,68,68,68,71,68,68,68,67,68,68
2020-04-01 06:00:00+00:00,71,77,75,77,77,77,77,77,77,77,76,77,71,75,77,76,76,77,77,74,77,77,77,76,77,71,74,73,74,77,75,77,77,77,77,77,77,75,77,77,77,77,77,76,77,77,77,77,77,77
2020-04-01 07:00:00+00:00,76,77,75,73,77,75,76,76,76,76,75,76,75,76,77,75,75,76,71,71,77,77,72,75,77,72,69,73,74,70,63,72,76,76,76,75,76,65,76,59,77,77,77,76,77,77,72,77,70,59
2020-04-01 08:00:00+00:00,73,75,72,75,75,74,74,71,72,75,73,74,74,63,73,72,73,73,59,73,75,75,72,73,75,67,71,73,71,64,70,70,75,64,75,65,75,62,75,71,66,75,75,72,75,67,65,75,66,71
2020-04-01 09:00:00+00:00,61,77,72,71,68,71,74,69,74,76,73,59,71,62,74,73,74,73,61,66,77,76,68,73,76,63,68,73,66,56,62,68,76,60,76,59,76,61,75,71,65,75,76,71,76,56,58,76,59,71
2020-04-01 10:00:00+00:00,63,74,69,62,67,59,80,61,70,80,69,72,65,60,69,80,74,66,57,67,73,80,58,74,80,57,65,71,62,56,61,62,80,59,72,54,80,53,72,62,63,71,80,60,80,67,63,69,56,62
2020-04-01 11:00:00+00:00,57,78,62,63,69,69,77,60,65,79,69,64,71,65,78,75,65,63,68,64,74,80,65,65,79,71,64,71,64,51,63,58,79,54,72,60,79,68,67,48,58,73,79,63,78,58,63,74,57,48
2020-04-01 12:00:00+00:00,70,77,67,60,76,77,74,65,68,77,70,66,75,72,77,72,70,62,74,69,73,77,74,70,77,63,70,71,77,56,63,72,77,68,77,73,77,73,73,70,63,71,76,59,77,66,77,71,59,70
2020-04-01 13:00:00+00:00,60,76,67,59,72,75,74,66,68,75,74,63,75,66,74,73,66,63,62,66,53,76,70,70,76,68,60,67,74,52,65,71,75,65,73,70,75,62,74,66,59,67,75,64,76,71,75,66,58,66
2020-04-01 14:00:00+00:00,61,75,72,65,74,68,75,68,71,75,71,59,75,68,75,73,67,60,64,67,74,75,71,70,75,72,59,71,72,56,63,72,75,60,75,57,75,65,70,58,61,74,75,61,75,72,71,76,58,58
2020-04-01 15:00:00+00:00,64,75,70,64,69,71,72,65,70,75,71,64,65,66,75,70,66,64,63,66,71,75,70,70,75,65,58,71,68,57,68,59,74,66,71,70,75,63,69,60,67,75,73,64,75,56,72,74,61,60
2020-04-01 16:00:00+00:00,65,74,69,65,73,74,71,71,71,74,70,71,74,65,74,69,71,65,58,70,74,74,74,70,74,74,69,69,74,55,69,72,73,57,74,74,74,68,74,70,67,73,73,66,74,74,73,74,62,70
2020-04-01 17:00:00+00:00,70,74,70,69,73,69,72,74,71,74,71,71,74,71,74,71,72,69,60,72,74,74,74,71,74,66,65,71,68,57,56,58,74,63,74,56,74,72,74,59,60,67,73,65,74,65,71,74,61,59
2020-04-01 18:00:00+00:00,72,76,71,72,74,67,72,74,72,75,72,72,76,67,75,71,72,64,65,71,75,76,75,71,75,65,72,71,70,56,74,73,75,60,75,61,75,68,75,63,69,76,74,67,76,76,73,74,63,63
2020-04-01 19:00:00+00:00,63,79,68,58,61,63,78,61,63,78,62,58,63,57,71,78,65,61,53,65,59,79,63,59,78,58,61,67,61,55,65,61,78,58,65,57,78,61,65,54,59,66,78,62,78,63,65,69,59,54
2020-04-01 20:00:00+00:00,58,78,65,62,61,64,78,61,61,78,63,64,57,58,62,78,63,59,59,63,69,78,63,75,78,64,57,67,60,59,58,58,77,63,65,63,78,60,63,57,58,62,77,65,78,63,65,64,58,57
2020-04-01 21:00:00+00:00,58,78,65,61,62,60,77,59,58,78,62,63,61,57,72,77,60,56,57,62,63,78,60,70,77,62,57,67,58,59,57,59,78,60,62,55,78,59,60,58,59,64,77,58,78,64,63,77,58,58
2020-04-01 22:00:00+00:00,72,77,72,69,72,72,73,69,67,76,72,70,69,67,76,71,72,72,67,71,73,77,69,72,76,69,67,71,69,67,67,67,75,69,75,72,76,67,72,69,67,69,74,72,76,72,74,75,64,69
2020-04-01 23:00:00+00:00,60,80,72,61,65,71,77,64,65,79,72,73,58,62,74,76,65,62,57,69,68,80,65,75,79,63,66,75,58,65,60,75,79,61,70,66,79,58,64,67,60,63,77,68,80,73,69,77,64,67
2020-04-02 00:00:00+00:00,76,76,76,75,76,76,76,76,76,76,75,76,76,76,76,76,76,76,62,74,76,76,76,75,76,73,73,74,76,75,76,76,76,76,76,76,76,66,76,75,76,76,76,76,76,76,76,76,76,75
2020-04-02 01:00:00+00:00,75,77,75,77,76,76,75,76,75,76,74,75,73,76,76,74,74,75,77,73,77,77,76,74,76,77,76,72,77,76,76,76,76,75,76,76,76,77,76,76,76,77,76,75,76,77,76,76,74,76
2020-04-02 02:00:00+00:00,76,76,76,76,76,76,76,76,75,76,75,76,72,76,76,75,75,76,76,73,76,76,76,74,76,76,76,73,76,76,76,76,76,76,76,76,76,72,76,76,76,76,76,75,76,76,76,76,76,76
2020-04-02 03:00:00+00:00,75,75,74,75,75,75,75,75,75,75,74,75,75,75,75,74,74,75,75,72,75,75,75,74,75,75,75,72,75,75,75,75,75,75,75,75,75,75,75,75,75,75,75,74,75,75,75,75,75,75
2020-04-02 04:00:00+00:00,75,76,74,76,75,76,75,76,74,75,74,75,76,76,75,73,74,75,76,72,76,76,76,73,76,76,76,71,76,76,76,76,75,75,75,76,75,76,75,76,76,76,76,74,76,76,76,76,76,76
2020-04-02 05:00:00+00:00,74,75,73,75,75,75,74,75,73,75,73,74,75,76,75,72,73,73,76,71,75,75,75,72,75,75,75,70,75,76,76,76,75,74,75,75,75,76,75,76,75,75,75,73,75,75,75,76,76,76
2020-04-02 06:00:00+00:00,74,75,73,75,75,75,74,75,73,75,73,74,75,74,75,72,73,73,75,72,75,75,75,72,75,75,75,72,75,75,75,75,75,73,75,75,75,75,75,75,75,75,75,73,75,75,75,75,74,75
2020-04-02 07:00:00+00:00,74,75,73,75,75,75,74,75,74,75,70,74,75,74,75,73,73,74,74,72,75,75,74,73,75,70,72,71,72,75,75,76,75,74,75,75,75,72,75,75,75,75,75,73,75,75,75,76,72,75
2020-04-02 08:00:00+00:00,74,74,73,68,74,74,74,74,73,74,73,67,72,75,74,73,68,74,65,71,74,74,73,72,74,70,74,71,72,59,74,72,74,74,74,69,74,72,74,70,72,74,74,73,74,74,73,75,75,70
2020-04-02 09:00:00+00:00,63,75,73,74,74,61,75,72,70,75,72,74,71,59,75,73,66,74,62,71,75,75,70,70,75,70,65,71,65,69,57,64,75,64,74,60,75,59,75,60,67,65,75,59,75,56,57,71,65,60
2020-04-02 10:00:00+00:00,73,74,71,60,73,74,72,71,72,74,71,73,74,68,73,71,69,72,72,70,74,74,68,71,74,70,69,70,69,59,74,72,73,72,74,72,74,67,72,61,68,74,74,66,74,74,72,74,69,61
2020-04-02 11:00:00+00:00,67,76,69,65,73,64,75,67,69,76,65,71,70,60,76,73,66,61,61,72,76,76,72,73,76,67,58,71,72,58,67,74,76,70,72,69,76,73,72,59,65,74,76,65,75,57,76,76,62,59
2020-04-02 12:00:00+00:00,60,77,74,59,73,73,75,69,69,77,72,59,71,67,71,73,63,70,62,71,74,77,74,72,77,74,74,72,72,58,71,67,76,73,75,71,77,60,68,72,68,70,76,58,76,58,76,77,65,72
2020-04-02 13:00:00+00:00,67,72,65,66,70,66,67,67,67,72,67,65,68,69,72,66,63,60,54,67,72,72,67,67,71,70,69,67,70,52,71,59,71,66,71,72,71,68,68,67,69,72,69,67,72,59,70,70,71,67
2020-04-02 14:00:00+00:00,58,75,72,56,74,68,73,71,73,74,57,65,75,59,73,72,66,59,57,66,75,75,69,72,74,66,61,71,68,58,71,63,74,69,70,62,74,67,69,55,65,68,74,61,75,61,74,74,61,55
2020-04-02 15:00:00+00:00,65,73,69,61,72,67,71,56,70,73,66,55,73,59,73,70,65,56,67,70,73,73,69,69,73,73,61,70,72,52,57,63,73,56,73,66,73,66,67,55,57,70,72,55,73,60,73,73,58,55
2020-04-02 16:00:00+00:00,66,71,63,65,69,70,66,70,65,71,66,67,65,71,71,64,66,65,59,67,71,71,67,65,71,71,69,67,66,67,71,71,70,65,70,71,71,65,70,69,71,71,70,65,71,71,69,71,71,69
2020-04-02 17:00:00+00:00,70,70,68,63,71,70,70,67,66,70,69,70,65,71,70,68,66,69,61,65,70,70,66,69,70,70,68,68,58,71,68,72,70,69,70,70,70,66,70,67,60,70,72,69,70,70,68,72,71,67
2020-04-02 18:00:00+00:00,72,76,74,58,74,64,75,64,74,76,74,66,64,70,76,73,74,59,56,68,76,76,61,74,76,67,73,73,64,67,63,76,75,74,76,70,76,65,72,65,58,65,76,74,74,76,73,71,69,65
2020-04-02 19:00:00+00:00,65,79,75,55,76,69,78,68,66,78,71,64,67,63,70,77,59,68,63,60,74,79,64,75,78,67,71,72,56,66,65,72,78,75,70,66,78,57,71,72,62,58,78,72,78,73,70,63,65,72
2020-04-02 20:00:00+00:00,68,78,74,55,69,66,79,66,61,78,72,59,58,68,73,78,58,69,59,57,73,78,63,74,78,64,57,72,62,64,64,76,78,73,77,68,78,58,69,61,54,59,78,68,78,76,69,63,67,61
2020-04-02 21:00:00+00:00,70,77,74,58,76,72,75,66,72,77,74,69,72,76,77,74,69,70,65,67,76,77,71,74,77,71,75,73,62,71,71,76,76,74,76,66,77,68,74,69,64,60,75,74,77,77,75,75,71,69
2020-04-02 22:00:00+00:00,56,76,63,55,62,65,72,55,56,79,59,59,52,56,69,72,59,56,52,51,62,79,51,69,74,50,52,61,51,48,55,67,76,57,71,57,76,47,63,57,50,68,72,58,78,65,55,59,55,57
2020-04-02 23:00:00+00:00,67,81,74,57,63,67,80,59,68,80,78,69,59,63,73,81,80,69,57,62,72,81,62,79,80,62,56,79,60,67,55,76,80,71,72,69,80,54,70,58,56,70,78,69,80,78,65,78,58,58
2020-04-03 00:00:00+00:00,65,78,78,63,78,78,78,77,76,78,77,78,52,77,74,78,77,78,61,77,73,78,71,77,78,69,57,77,64,71,63,77,78,78,78,78,78,63,78,62,63,71,77,76,78,78,77,77,62,62
2020-04-03 01:00:00+00:00,76,77,74,58,77,72,76,77,76,77,76,76,65,77,77,76,76,76,56,75,75,77,77,76,77,67,65,75,62,61,77,77,77,76,77,77,77,56,77,62,67,77,76,76,77,77,77,76,60,62
2020-04-03 02:00:00+00:00,77,77,78,72,77,77,77,77,77,77,77,77,67,77,77,77,77,77,74,75,74,77,77,77,77,77,77,76,65,77,70,77,77,77,77,77,77,65,77,77,77,77,77,75,77,77,77,77,77,77
2020-04-03 03:00:00+00:00,70,76,75,76,76,76,76,76,75,76,75,75,72,76,76,75,75,75,72,75,76,76,76,75,76,76,76,75,65,76,76,76,76,75,76,76,76,60,76,76,76,76,76,75,69,76,76,76,76,76
2020-04-03 04:00:00+00:00,76,76,77,76,71,76,76,76,76,76,76,76,54,76,76,76,64,76,69,76,76,76,74,76,76,76,76,76,73,76,76,76,76,76,76,76,76,73,76,76,76,76,76,76,76,76,76,76,69,76
2020-04-03 05:00:00+00:00,76,75,77,75,75,75,76,75,76,75,76,75,67,75,75,76,76,76,73,76,75,75,75,76,75,75,75,75,67,75,66,75,75,76,75,75,75,63,75,75,75,75,75,76,75,75,75,75,61,75
2020-04-03 06:00:00+00:00,73,76,76,63,76,76,76,75,76,76,75,76,70,75,76,76,75,76,69,74,76,76,73,75,76,70,68,74,65,66,66,75,76,76,76,76,76,70,76,70,65,66,75,76,76,76,75,75,67,70
2020-04-03 07:00:00+00:00,69,75,77,74,75,70,76,62,76,75,74,73,63,67,71,76,74,73,56,66,75,75,67,76,75,62,56,69,68,71,68,75,75,71,75,74,75,60,75,67,74,69,75,73,75,75,72,72,61,67
2020-04-03 08:00:00+00:00,74,76,75,57,69,72,77,69,74,76,74,66,64,75,70,77,70,59,63,55,76,76,65,74,76,57,60,75,64,63,62,76,76,71,75,73,76,59,76,60,59,68,76,72,71,74,73,66,57,60
2020-04-03 09:00:00+00:00,65,77,74,62,70,66,77,59,62,77,74,66,60,69,77,77,68,64,59,58,67,77,62,70,77,60,60,72,55,61,66,72,77,72,77,65,77,58,75,61,54,66,77,72,77,70,64,59,65,61
2020-04-03 10:00:00+00:00,66,74,74,60,74,65,76,59,52,77,74,65,61,70,70,76,60,67,55,46,72,78,63,69,77,59,66,72,63,60,64,73,77,69,71,61,77,60,75,65,54,71,75,69,70,72,62,65,61,65
2020-04-03 11:00:00+00:00,68,78,69,66,71,65,75,64,68,78,68,64,64,66,71,74,58,71,50,55,69,78,59,72,77,59,59,74,64,54,60,74,77,69,72,61,77,56,66,60,47,70,76,69,69,75,61,65,60,60
2020-04-03 12:00:00+00:00,72,76,74,63,57,64,74,67,68,75,74,66,66,70,73,74,67,73,57,63,73,76,57,73,75,65,68,72,59,69,60,75,75,72,75,63,75,54,67,59,63,60,74,68,75,72,68,75,62,59
2020-04-03 13:00:00+00:00,68,76,69,66,70,69,73,61,67,75,72,69,65,63,75,71,69,70,58,68,69,75,61,72,75,58,56,71,65,66,66,72,74,70,75,74,75,58,75,61,58,75,74,72,75,68,67,74,64,61
2020-04-03 14:00:00+00:00,69,76,73,59,73,62,74,64,64,76,73,68,61,70,70,72,72,61,66,64,75,76,71,71,76,71,67,71,60,61,69,73,76,69,76,66,76,58,76,64,51,66,76,71,76,76,68,72,66,64
2020-04-03 15:00:00+00:00,64,72,68,69,70,67,69,67,66,72,69,60,63,69,72,68,69,69,59,58,72,72,67,69,71,59,62,69,59,63,64,70,71,69,71,71,71,58,71,69,51,72,70,69,72,69,69,66,65,69
2020-04-03 16:00:00+00:00,68,73,70,63,71,72,70,68,66,73,70,70,62,69,73,70,69,63,57,62,73,73,64,70,72,52,57,69,60,64,64,71,72,70,72,72,72,64,70,61,66,73,70,70,73,69,70,70,59,61
2020-04-03 17:00:00+00:00,72,74,73,58,73,72,73,59,72,74,72,65,65,71,74,72,70,68,67,66,74,74,66,72,74,66,56,71,64,68,68,73,73,72,74,74,74,63,71,59,55,68,73,73,74,71,68,67,63,59
2020-04-03 18:00:00+00:00,69,78,75,58,69,67,76,63,69,78,76,67,60,70,71,75,72,70,58,59,69,78,64,75,78,58,61,74,63,63,62,77,77,73,77,67,78,57,74,65,57,63,77,69,72,77,67,55,62,65
2020-04-03 19:00:00+00:00,59,78,63,66,63,56,74,53,59,79,69,53,51,57,73,74,53,60,55,56,68,80,50,68,76,52,50,61,56,58,55,67,78,62,67,60,79,47,64,54,51,72,73,61,67,63,59,59,53,54
2020-04-03 20:00:00+00:00,53,73,56,68,55,57,67,50,54,79,58,49,52,53,70,67,57,50,46,53,58,77,46,60,70,52,54,60,49,52,49,60,73,54,64,54,74,47,58,51,48,66,67,55,76,58,51,55,46,51
2020-04-03 21:00:00+00:00,52,70,58,61,55,59,67,47,55,74,62,54,53,53,60,67,49,48,46,56,58,73,50,61,69,48,49,57,47,53,49,59,70,55,61,50,71,47,59,53,50,60,66,56,73,59,54,60,49,53
2020-04-03 22:00:00+00:00,75,84,74,58,63,76,79,63,68,83,78,58,58,68,68,79,60,72,61,66,66,83,66,79,83,66,63,79,58,67,58,80,82,76,81,71,83,58,78,57,58,71,79,72,83,75,69,77,65,57
2020-04-03 23:00:00+00:00,55,68,56,51,56,54,65,46,53,71,64,45,50,54,61,65,51,53,49,50,54,70,46,61,67,46,49,66,48,53,50,59,68,55,67,59,68,47,59,49,42,62,65,54,70,58,56,64,48,49
2020-04-04 00:00:00+00:00,68,74,77,50,80,79,82,63,70,65,80,65,52,73,53,82,79,82,58,79,62,68,70,80,78,68,63,80,66,62,64,76,74,73,77,71,73,57,74,79,62,52,82,71,69,77,82,82,58,79
2020-04-04 01:00:00+00:00,82,77,78,59,80,73,81,80,83,75,82,82,60,73,59,82,82,82,61,57,78,76,78,77,78,73,58,81,63,61,66,81,79,82,79,78,79,58,75,63,52,62,82,83,77,77,81,82,62,63
2020-04-04 02:00:00+00:00,65,65,59,65,65,60,65,65,65,65,65,65,54,65,56,65,65,60,58,54,65,65,65,65,65,54,65,59,56,65,53,65,65,65,65,57,65,54,65,54,59,65,65,65,65,57,65,65,55,54
2020-04-04 03:00:00+00:00,63,81,75,81,64,81,81,81,81,81,81,65,81,81,68,81,81,81,58,81,81,81,81,81,81,81,57,81,66,81,63,81,81,81,81,81,81,60,81,59,53,72,81,81,81,81,81,81,67,59
2020-04-04 04:00:00+00:00,81,81,82,77,81,80,81,81,81,81,81,81,81,81,81,81,59,82,75,79,81,81,81,81,81,81,61,80,77,80,76,80,81,82,81,81,81,71,81,71,81,76,81,81,81,81,81,80,75,71
2020-04-04 05:00:00+00:00,81,79,79,79,80,79,81,79,81,79,75,78,53,79,78,82,81,81,72,81,79,79,79,81,79,73,79,81,66,65,72,78,79,81,79,78,79,70,80,69,65,79,79,74,79,79,79,78,68,69
2020-04-04 06:00:00+00:00,78,78,77,71,78,78,78,70,78,78,79,78,60,78,77,79,79,78,64,80,78,78,74,79,78,71,72,80,60,78,66,75,78,78,78,62,78,60,77,78,78,78,78,79,78,73,78,78,61,78
2020-04-04 07:00:00+00:00,75,75,75,75,75,75,75,63,75,75,75,75,67,73,75,75,75,75,63,75,75,75,59,75,75,73,72,75,61,65,63,75,75,75,75,75,75,58,72,67,59,73,75,70,75,75,75,75,68,67
2020-04-04 08:00:00+00:00,70,72,72,72,72,72,72,67,72,72,72,72,63,72,72,72,61,72,61,72,72,72,72,72,72,66,61,72,63,65,61,72,72,72,72,72,72,58,72,72,64,72,72,72,72,72,72,72,65,72
2020-04-04 09:00:00+00:00,70,71,71,66,71,71,71,63,71,71,71,58,59,70,71,71,59,62,59,62,71,71,66,71,71,67,61,71,56,60,59,71,71,71,71,71,71,59,71,68,57,71,71,71,71,71,71,71,58,68
2020-04-04 10:00:00+00:00,69,69,69,58,69,69,69,69,69,69,69,63,59,67,69,69,66,68,60,68,68,69,63,69,69,67,59,69,66,62,59,69,69,69,69,69,69,57,67,59,59,69,69,69,69,69,69,69,66,59
2020-04-04 11:00:00+00:00,69,69,69,63,69,69,69,69,64,69,69,68,67,69,69,69,69,69,66,69,69,69,67,69,69,67,68,69,67,63,69,69,69,69,69,69,69,60,69,69,61,69,69,69,69,69,69,69,64,69
2020-04-04 12:00:00+00:00,70,70,70,62,61,70,70,65,57,70,70,63,63,70,70,70,70,66,64,65,70,70,66,70,70,52,70,70,62,60,64,70,70,70,70,70,70,57,70,59,57,70,70,69,70,70,70,70,65,59
2020-04-04 13:00:00+00:00,68,68,68,65,68,68,68,68,63,68,68,66,66,68,68,68,68,68,68,68,68,68,68,68,68,68,68,68,67,67,68,68,68,68,68,68,68,63,68,68,63,68,68,68,68,68,68,68,68,68
2020-04-04 14:00:00+00:00,67,67,67,67,67,67,67,67,63,67,67,67,63,67,67,67,67,67,67,67,67,67,67,67,67,67,67,67,64,67,62,67,67,67,67,67,67,61,67,64,59,67,67,67,67,67,67,67,67,64
2020-04-04 15:00:00+00:00,68,68,68,63,68,68,68,68,68,68,68,66,54,68,68,68,68,66,64,62,68,68,68,68,68,68,64,68,58,64,66,68,68,68,68,68,68,59,68,68,68,68,68,68,68,68,68,68,65,68
2020-04-04 16:00:00+00:00,68,68,68,62,68,68,68,68,68,68,68,62,63,68,68,68,68,68,62,68,68,68,68,68,68,68,66,68,57,68,60,68,68,68,68,68,68,58,68,60,65,68,68,68,68,68,68,68,64,60
2020-04-04 17:00:00+00:00,67,67,67,62,67,67,67,67,67,67,67,66,67,65,67,67,67,67,67,67,67,67,67,67,67,67,64,67,67,67,67,67,67,67,67,67,67,63,67,67,59,67,67,67,67,67,67,67,65,67
2020-04-04 18:00:00+00:00,68,70,70,70,70,70,70,59,55,70,70,58,58,69,70,70,63,58,59,60,70,70,66,70,70,60,59,70,58,57,61,70,70,70,70,70,70,64,70,69,59,70,70,70,70,70,70,65,59,69
2020-04-04 19:00:00+00:00,57,70,70,58,70,65,70,61,63,70,70,63,58,68,70,70,59,68,65,65,70,70,66,70,70,62,57,70,58,60,56,70,70,70,70,70,70,59,70,53,55,69,70,69,70,70,68,69,58,53
2020-04-04 20:00:00+00:00,64,67,67,64,67,67,67,60,65,67,67,59,62,67,67,67,66,67,58,63,67,67,66,67,67,66,59,67,62,60,54,67,67,67,67,66,67,65,67,55,50,67,67,67,67,67,67,67,63,55
2020-04-04 21:00:00+00:00,59,72,72,64,70,70,72,62,65,72,67,54,58,65,72,72,71,64,57,63,64,72,60,72,72,61,57,72,57,61,58,72,72,68,72,69,72,53,72,54,54,63,72,71,72,72,68,72,56,54
2020-04-04 22:00:00+00:00,64,69,69,68,61,69,69,62,63,69,69,64,59,60,69,69,63,64,56,64,64,69,59,69,69,57,57,69,58,58,61,69,69,69,69,69,69,51,68,59,52,67,69,66,69,69,64,69,54,59
2020-04-04 23:00:00+00:00,62,68,68,66,68,68,68,68,67,68,68,68,60,68,68,68,66,68,59,68,68,68,66,68,68,59,64,68,67,68,61,68,68,68,68,68,68,60,68,63,57,68,68,68,68,68,68,62,58,63
2020-04-05 00:00:00+00:00,69,69,69,67,69,69,69,69,69,69,69,69,66,69,69,69,69,69,66,69,69,69,69,69,69,69,63,69,63,69,67,69,69,69,69,69,69,59,69,65,69,69,69,69,69,69,69,69,69,65
2020-04-05 01:00:00+00:00,70,70,70,68,70,70,70,70,70,70,70,70,67,70,70,70,70,70,70,70,70,70,70,70,70,70,67,70,57,70,70,70,70,70,70,70,70,63,70,70,70,70,70,70,70,70,70,70,59,70
2020-04-05 02:00:00+00:00,69,69,69,69,69,69,69,69,69,69,69,69,63,69,69,69,69,69,69,69,69,69,69,69,69,69,69,69,66,69,69,69,69,69,69,69,69,69,69,69,69,69,69,69,69,69,69,69,69,69
2020-04-05 03:00:00+00:00,69,69,69,69,69,69,69,69,69,69,69,69,69,69,69,69,69,69,69,69,69,69,67,69,69,69,61,69,66,69,69,69,69,69,69,69,69,69,69,69,69,69,69,69,69,69,69,69,69,69
2020-04-05 04:00:00+00:00,68,68,68,68,68,68,68,68,68,68,68,68,68,68,68,68,68,68,68,68,68,68,67,68,68,68,68,68,68,68,68,68,68,68,68,68,68,63,68,68,68,68,68,68,68,68,68,68,68,68
2020-04-05 05:00:00+00:00,67,68,67,68,68,68,68,68,67,67,67,67,67,67,68,68,67,67,67,67,67,68,68,67,67,67,67,67,68,67,60,67,67,67,67,68,67,64,68,67,67,68,67,67,67,68,67,67,67,67
2020-04-05 06:00:00+00:00,69,68,69,68,69,69,69,69,68,68,68,68,68,69,69,69,68,69,68,68,68,69,69,69,68,68,68,69,65,68,59,69,68,69,68,69,68,64,69,68,68,68,68,69,68,69,69,68,68,68
2020-04-05 07:00:00+00:00,68,68,68,68,68,69,68,68,68,68,68,68,59,68,68,68,68,68,58,68,68,68,68,68,68,68,68,68,67,68,68,68,67,68,68,68,68,64,69,68,68,68,68,68,68,68,68,68,68,68
2020-04-05 08:00:00+00:00,68,68,68,69,68,69,68,68,68,68,68,68,67,68,69,68,67,68,64,68,68,69,68,68,68,68,68,68,69,66,67,68,67,68,68,69,68,60,69,63,68,68,68,68,68,69,68,68,68,63
2020-04-05 09:00:00+00:00,66,68,68,69,68,68,68,68,67,68,67,67,66,67,69,68,64,68,63,67,68,69,64,67,68,66,68,67,66,64,60,68,67,68,68,68,68,64,69,68,64,67,68,67,68,68,68,68,67,68
2020-04-05 10:00:00+00:00,71,71,71,71,71,71,71,71,61,71,71,71,59,71,71,71,62,65,66,63,71,71,64,71,71,71,69,71,67,62,68,71,71,71,71,71,71,59,71,68,63,70,71,70,71,71,71,71,63,68
2020-04-05 11:00:00+00:00,65,70,70,70,70,70,70,65,70,70,70,69,70,70,70,70,67,70,61,61,70,70,66,70,70,68,64,70,63,68,66,70,70,70,70,70,70,61,70,58,68,69,70,70,70,70,70,70,62,58
2020-04-05 12:00:00+00:00,69,69,69,66,69,69,69,61,65,69,69,54,54,69,69,69,69,58,61,68,69,69,64,69,69,69,64,69,69,62,66,69,69,69,69,69,69,59,69,60,57,58,69,69,69,69,69,69,62,60
2020-04-05 13:00:00+00:00,63,63,63,63,63,63,63,63,63,63,63,63,63,63,63,63,63,63,63,63,63,63,63,63,63,63,63,63,63,63,63,63,63,63,63,63,63,63,63,61,61,63,63,63,63,63,63,63,63,61
2020-04-05 14:00:00+00:00,66,66,66,66,57,66,66,66,66,66,66,59,66,66,66,66,66,58,63,63,66,66,66,66,66,56,66,66,66,66,66,66,66,66,66,66,66,63,66,60,57,66,66,66,66,66,66,66,61,60
2020-04-05 15:00:00+00:00,67,67,67,63,67,67,67,64,66,67,67,64,67,66,67,67,67,58,61,65,67,67,67,67,67,67,67,67,67,67,67,67,67,67,67,67,67,61,67,65,59,67,67,67,67,67,67,67,64,65
2020-04-05 16:00:00+00:00,69,69,69,65,69,69,69,64,67,69,69,69,64,66,69,69,66,69,56,67,69,69,65,69,69,69,69,69,68,62,69,69,69,69,69,69,69,60,69,66,57,67,69,69,69,69,66,69,60,66
2020-04-05 17:00:00+00:00,61,68,68,67,68,68,68,57,66,68,68,62,58,68,68,68,65,54,58,60,68,68,63,68,68,68,68,68,62,62,60,68,68,68,68,68,68,60,68,51,56,68,68,68,68,68,68,68,59,51
2020-04-05 18:00:00+00:00,68,68,68,68,68,68,68,67,60,68,68,59,63,68,68,68,61,68,67,65,68,68,68,68,68,68,68,68,63,66,56,68,68,68,68,68,68,59,68,67,58,68,68,68,68,68,68,68,68,67
2020-04-05 19:00:00+00:00,69,69,69,69,69,66,69,59,57,69,69,63,64,68,69,69,58,69,59,57,69,69,63,69,69,61,69,69,64,66,54,69,69,69,69,69,69,58,68,58,55,60,69,66,69,69,69,69,64,58
2020-04-05 20:00:00+00:00,67,67,67,67,67,67,67,60,67,67,67,67,62,67,67,67,66,62,65,65,67,67,60,67,67,67,60,67,62,67,65,67,67,67,67,67,67,67,67,60,58,67,67,67,67,67,67,67,60,60
2020-04-05 21:00:00+00:00,65,68,68,68,68,68,68,68,68,68,68,68,65,67,68,68,68,59,61,68,68,68,58,68,68,62,63,68,61,59,65,68,68,68,68,68,68,60,68,56,59,68,68,68,68,68,65,68,61,56
2020-04-05 22:00:00+00:00,65,71,71,71,71,71,71,71,71,71,71,71,63,71,71,71,71,63,56,65,71,71,66,71,71,65,71,71,61,66,58,71,71,71,71,71,71,58,71,71,55,69,71,71,71,71,71,71,59,71
2020-04-05 23:00:00+00:00,72,72,72,69,72,72,72,67,72,72,72,72,72,71,72,72,72,72,59,64,64,72,59,72,72,69,72,72,57,61,72,72,72,72,72,72,72,58,72,72,71,70,72,72,72,72,72,72,60,72
2020-04-06 00:00:00+00:00,72,72,72,72,72,72,72,72,72,72,72,72,57,72,72,72,72,72,72,72,72,72,72,72,72,72,72,72,72,72,72,72,72,72,72,72,72,68,72,72,72,72,72,72,72,72,72,72,72,72
2020-04-06 01:00:00+00:00,72,72,72,72,72,72,72,72,72,72,72,72,72,72,72,72,72,72,67,72,72,72,72,72,72,72,72,72,72,72,66,72,72,72,72,72,72,67,72,72,72,72,72,72,72,72,72,72,70,72
2020-04-06 02:00:00+00:00,70,70,70,70,70,70,70,70,70,70,70,70,70,70,70,70,70,70,70,70,70,70,70,70,70,70,70,70,70,70,70,70,70,70,70,70,70,70,70,70,70,70,70,70,70,70,70,70,70,70
2020-04-06 03:00:00+00:00,71,71,71,71,71,71,71,71,71,71,71,71,71,71,71,71,65,71,71,71,71,71,71,71,71,71,71,71,69,71,71,71,71,71,71,71,71,71,71,71,71,71,71,71,71,71,71,71,71,71
2020-04-06 04:00:00+00:00,72,72,72,72,72,72,72,72,72,72,72,72,56,72,72,72,72,72,72,72,72,72,72,72,72,72,72,72,72,72,72,72,72,72,72,72,72,65,72,72,72,72,72,72,72,72,72,72,72,72
2020-04-06 05:00:00+00:00,73,73,73,73,73,73,73,73,73,73,73,67,55,73,73,73,73,73,66,73,73,73,73,73,73,73,73,73,72,72,73,73,73,73,73,73,73,69,73,73,73,73,73,73,73,73,73,73,62,73
2020-04-06 06:00:00+00:00,72,72,72,72,70,72,72,72,72,72,72,72,72,72,72,72,72,72,69,72,72,72,65,72,72,68,62,72,61,72,63,72,72,69,72,72,72,72,72,71,72,72,72,72,72,72,72,72,72,71
2020-04-06 07:00:00+00:00,73,73,73,68,73,73,73,68,73,73,73,62,72,73,73,73,73,73,58,70,73,73,73,73,73,70,64,73,66,69,67,73,73,73,73,69,73,64,73,63,70,72,73,73,73,73,73,73,73,63
2020-04-06 08:00:00+00:00,72,72,72,72,72,72,72,68,72,72,72,72,67,72,72,72,71,70,65,70,72,72,69,72,72,71,70,72,64,72,72,72,72,72,72,72,72,62,72,64,55,72,72,72,72,72,72,72,72,64
2020-04-06 09:00:00+00:00,64,74,74,57,72,70,74,67,72,74,74,61,60,74,74,74,61,66,59,55,74,74,70,74,74,59,73,74,64,66,70,74,74,74,74,69,74,61,74,59,64,74,74,74,74,74,74,66,64,59
2020-04-06 10:00:00+00:00,72,72,72,60,72,72,72,58,62,73,72,72,56,72,73,73,64,72,59,58,72,73,72,72,72,70,61,73,58,71,66,72,72,72,72,72,72,60,73,61,66,70,72,72,72,72,72,72,72,61
2020-04-06 11:00:00+00:00,69,73,71,60,73,72,72,63,61,73,72,72,59,69,73,72,71,60,57,72,73,73,69,70,73,64,59,72,59,67,57,73,73,72,73,70,73,58,73,59,57,71,73,72,73,70,69,66,61,59
2020-04-06 12:00:00+00:00,61,73,66,58,61,60,73,62,59,74,67,62,64,64,69,72,67,62,58,57,69,73,67,63,74,64,60,68,61,57,64,64,74,68,74,61,74,62,74,61,52,74,72,66,74,73,61,64,59,61
2020-04-06 13:00:00+00:00,62,70,66,66,68,60,70,63,66,70,69,59,59,57,70,69,68,58,60,61,70,70,64,67,70,69,63,66,65,53,55,66,70,67,71,59,70,57,70,58,54,62,70,68,64,70,60,61,64,58
2020-04-06 14:00:00+00:00,65,69,64,57,68,64,68,66,64,69,68,61,59,69,69,68,65,60,58,59,69,69,69,66,69,61,57,67,59,55,61,62,69,64,69,65,69,56,69,56,54,69,69,65,69,69,63,58,59,56
2020-04-06 15:00:00+00:00,61,69,66,62,68,65,68,68,64,69,63,59,65,66,69,67,62,62,67,53,69,69,66,62,69,69,54,67,66,54,58,65,69,59,69,69,69,58,69,58,46,69,67,59,69,69,64,55,59,58
2020-04-06 16:00:00+00:00,71,68,70,58,71,66,71,71,71,69,70,71,66,67,68,70,71,71,68,70,68,68,69,70,69,67,69,70,66,70,69,72,70,71,70,69,69,62,69,69,54,65,72,70,68,68,72,73,69,69
2020-04-06 17:00:00+00:00,72,72,71,57,71,65,72,65,71,72,71,61,64,66,72,71,71,72,63,67,71,72,63,71,72,62,60,70,57,68,64,72,71,72,72,69,72,58,72,58,54,71,72,71,72,72,67,71,69,58
2020-04-06 18:00:00+00:00,71,75,71,63,68,74,72,72,71,74,72,71,66,73,71,72,72,71,63,62,75,75,74,72,74,70,66,72,66,71,69,72,73,71,74,72,74,62,74,68,61,75,71,72,75,75,71,71,72,68
2020-04-06 19:00:00+00:00,55,72,60,55,57,55,70,56,56,74,59,55,55,57,58,70,50,56,50,53,60,73,53,67,71,49,54,59,52,51,51,65,72,61,59,58,72,54,58,51,49,59,70,56,73,57,56,49,50,51
2020-04-06 20:00:00+00:00,49,65,55,55,53,52,60,46,49,69,54,49,47,50,58,60,47,48,43,44,52,68,46,56,63,43,43,55,46,49,45,57,65,51,56,53,65,38,52,50,40,59,60,53,67,54,49,50,47,50
2020-04-06 21:00:00+00:00,47,66,55,60,55,53,62,45,49,71,56,45,50,48,61,62,50,49,44,47,53,70,48,57,65,47,46,50,42,48,46,58,66,51,57,44,67,46,57,48,41,55,62,51,69,56,49,53,46,48
2020-04-06 22:00:00+00:00,45,65,52,58,51,54,61,47,52,69,58,47,48,47,59,61,58,51,45,49,51,68,41,59,63,45,48,56,48,39,42,57,65,53,60,54,66,47,56,44,40,56,61,55,68,57,49,57,42,44
2020-04-06 23:00:00+00:00,45,57,54,42,50,53,58,41,49,55,57,50,47,50,48,58,40,47,42,42,52,56,43,55,57,45,42,57,45,43,47,55,57,50,52,52,56,45,49,49,40,43,58,54,56,54,48,58,47,49
2020-04-07 00:00:00+00:00,54,57,66,39,56,56,64,55,63,51,61,56,50,67,41,64,61,59,48,57,57,53,49,59,59,57,43,61,54,55,54,67,57,59,59,60,56,53,53,56,65,50,65,62,54,66,66,61,52,56
2020-04-07 01:00:00+00:00,67,69,58,58,67,59,67,67,67,71,68,67,54,57,66,67,68,62,52,68,60,71,66,64,68,54,67,68,51,48,56,66,69,66,68,61,69,49,69,52,67,72,67,57,70,62,66,66,52,52
2020-04-07 02:00:00+00:00,72,70,64,59,71,71,71,72,71,68,66,71,58,72,61,71,71,71,56,71,70,68,64,71,70,58,72,71,57,63,51,66,70,72,70,72,69,47,70,72,71,56,71,63,69,72,72,72,62,72
2020-04-07 03:00:00+00:00,55,67,60,62,66,66,66,65,66,69,66,66,55,65,60,66,51,61,57,66,67,69,50,66,67,56,66,66,54,65,51,65,67,56,67,65,68,53,67,65,54,70,66,66,68,65,65,65,49,65
2020-04-07 04:00:00+00:00,70,72,63,66,54,70,70,69,70,73,70,70,57,69,64,70,70,70,58,70,72,73,53,70,71,58,70,70,60,69,69,69,71,69,71,69,72,56,72,57,70,55,70,70,73,69,69,69,51,57
2020-04-07 05:00:00+00:00,58,70,58,65,53,68,67,64,56,73,68,68,59,66,67,67,68,67,55,68,66,72,51,68,69,55,67,68,49,51,46,66,70,66,69,67,70,52,70,51,67,74,67,56,58,66,66,67,49,51
2020-04-07 06:00:00+00:00,66,69,58,63,67,62,67,66,59,71,67,55,52,53,63,66,67,60,50,67,59,71,50,63,68,51,57,67,54,49,50,59,69,54,68,61,69,53,69,50,66,59,66,56,70,58,66,66,57,50
2020-04-07 07:00:00+00:00,75,83,78,56,74,74,87,76,77,83,78,71,64,67,66,86,73,81,56,86,80,84,71,78,84,71,59,77,65,66,67,81,85,75,85,73,85,60,72,64,59,57,84,71,84,82,72,65,59,64
2020-04-07 08:00:00+00:00,65,81,73,54,73,73,83,59,71,85,67,67,54,73,77,82,68,65,68,63,78,83,67,67,84,76,65,75,55,60,72,74,86,73,71,74,85,58,80,61,53,71,78,74,84,80,71,60,56,61
2020-04-07 09:00:00+00:00,59,80,62,56,57,55,68,57,60,84,67,53,60,61,70,72,64,61,56,58,72,83,58,64,81,61,58,66,61,56,60,61,85,62,76,52,85,56,74,57,55,72,70,65,84,70,60,57,61,57
2020-04-07 10:00:00+00:00,57,76,55,55,63,62,69,57,51,80,56,52,56,59,69,64,55,54,55,50,68,84,64,57,69,64,49,56,57,45,61,54,84,54,72,69,80,51,70,53,39,60,55,55,79,75,56,51,54,53
2020-04-07 11:00:00+00:00,57,81,58,55,65,59,71,60,55,79,58,54,59,64,73,67,58,55,57,55,65,81,57,58,71,61,53,59,59,47,49,56,78,56,66,66,79,57,71,55,42,54,57,55,62,69,58,53,54,55
2020-04-07 12:00:00+00:00,59,75,68,63,68,67,76,63,56,75,65,59,60,59,74,75,65,57,54,48,72,75,62,66,75,64,59,63,59,54,52,65,75,64,75,68,75,56,69,54,52,73,67,63,73,70,63,58,62,54
2020-04-07 13:00:00+00:00,66,70,66,57,67,69,66,67,66,69,66,65,60,67,63,66,66,66,65,61,69,70,69,66,69,65,58,66,61,57,68,66,68,66,68,69,69,61,66,62,54,59,66,66,69,70,65,62,63,62
2020-04-07 14:00:00+00:00,66,68,66,61,66,65,66,63,66,67,65,66,60,66,67,65,65,64,57,64,67,68,65,65,67,62,55,65,60,58,64,66,67,66,67,67,67,58,66,62,59,67,65,66,67,68,65,65,56,62
2020-04-07 15:00:00+00:00,66,65,65,65,66,65,66,62,65,65,65,66,64,66,65,65,65,65,64,65,65,65,65,65,65,56,62,65,65,64,65,66,65,66,65,65,65,62,65,65,53,65,66,65,65,65,66,65,60,65
2020-04-07 16:00:00+00:00,67,67,67,58,61,67,67,67,59,67,67,67,64,67,67,67,67,67,66,62,67,67,66,66,67,67,58,66,63,62,67,67,67,67,67,67,67,63,67,58,57,67,67,67,67,67,67,59,67,58
2020-04-07 17:00:00+00:00,70,69,68,56,71,67,72,71,61,70,64,62,59,70,70,72,64,63,61,57,70,69,66,67,70,66,59,69,60,55,64,63,70,65,70,70,70,60,70,55,52,66,69,64,70,69,64,57,61,55
2020-04-07 18:00:00+00:00,64,75,73,58,73,66,73,63,69,74,72,69,66,70,72,72,67,60,64,59,74,75,65,72,74,63,62,70,57,59,67,72,74,68,74,66,74,55,74,62,59,68,73,68,75,73,71,58,66,62
2020-04-07 19:00:00+00:00,65,80,63,58,68,62,77,63,61,78,64,59,52,67,62,74,62,62,57,57,66,79,59,65,74,62,56,63,58,55,59,62,80,65,66,61,78,48,66,54,55,58,69,59,78,73,62,56,62,54
2020-04-07 20:00:00+00:00,44,63,50,52,48,50,57,47,42,71,52,49,43,44,59,57,44,40,42,51,52,69,42,54,59,41,46,52,43,46,42,53,63,49,55,39,64,39,53,46,39,58,57,47,67,51,47,48,42,46
2020-04-07 21:00:00+00:00,44,61,48,54,43,47,57,44,46,67,53,40,41,48,59,56,41,49,41,43,52,65,42,52,58,42,46,52,41,40,43,51,60,41,55,39,61,38,54,44,39,54,56,43,64,51,48,51,39,44
2020-04-07 22:00:00+00:00,44,59,47,58,47,50,54,39,41,67,53,46,39,44,60,54,41,44,39,42,52,65,39,49,57,39,38,47,39,41,39,49,59,44,51,42,60,37,52,39,38,57,53,44,63,47,41,49,39,39
2020-04-07 23:00:00+00:00,52,69,64,55,59,58,69,54,55,69,63,56,53,50,58,69,69,51,53,50,52,69,48,65,69,53,48,56,52,52,48,64,69,54,63,59,69,49,58,48,51,53,69,57,58,64,59,69,50,48
2020-04-08 00:00:00+00:00,66,66,62,57,58,66,66,51,57,66,66,54,46,66,56,66,66,61,48,58,56,66,48,64,66,48,55,66,50,49,52,66,66,66,66,66,66,48,66,50,66,66,66,59,66,66,66,66,52,50
2020-04-08 01:00:00+00:00,73,73,63,46,73,62,73,73,73,73,73,59,58,73,66,73,47,73,53,66,63,73,73,73,73,58,55,59,55,55,57,61,73,66,73,63,73,54,73,60,73,73,73,58,73,73,73,73,58,60
2020-04-08 02:00:00+00:00,77,77,72,77,77,63,77,77,77,77,77,77,56,64,66,77,77,77,53,77,72,77,77,73,77,62,77,77,63,59,65,77,77,59,77,71,77,58,77,77,77,77,77,77,77,77,77,77,63,77
2020-04-08 03:00:00+00:00,61,74,68,66,74,74,74,74,74,74,74,74,74,74,66,74,74,74,60,59,70,74,74,74,74,65,74,74,55,74,61,74,74,74,74,74,74,51,74,59,74,58,74,65,58,74,74,74,62,59
2020-04-08 04:00:00+00:00,78,78,73,78,78,78,78,77,78,78,78,78,68,78,70,78,78,78,63,78,78,78,77,78,78,78,78,78,68,78,64,78,78,78,78,75,78,58,78,69,78,78,78,78,78,71,78,78,78,69
2020-04-08 05:00:00+00:00,77,77,78,79,74,74,76,74,79,79,67,79,47,75,70,79,61,79,55,56,78,77,73,76,79,75,58,79,53,64,59,78,79,78,79,70,79,59,78,62,79,78,79,69,67,67,76,78,66,62
2020-04-08 06:00:00+00:00,70,80,71,71,77,78,78,70,65,80,80,71,69,70,74,79,80,63,66,64,65,80,69,76,80,57,68,80,60,65,55,78,80,78,80,56,80,59,80,55,50,71,78,79,80,79,64,71,57,55
2020-04-08 07:00:00+00:00,74,80,77,56,72,72,84,59,72,84,70,63,64,72,73,83,84,76,57,62,73,84,62,79,84,63,54,72,56,64,60,79,84,73,84,71,84,56,84,53,56,65,84,64,84,77,68,67,62,53
2020-04-08 08:00:00+00:00,69,78,73,63,71,72,83,60,70,83,76,62,57,74,67,82,67,65,57,59,75,83,65,76,83,67,59,69,58,59,62,70,83,71,81,68,83,56,77,61,50,56,78,69,83,78,69,57,57,61
2020-04-08 09:00:00+00:00,57,68,59,55,54,52,62,49,56,82,63,57,47,54,69,67,58,54,54,55,59,80,51,59,76,54,56,62,46,53,53,57,84,55,75,50,83,53,70,56,53,62,64,59,79,54,54,55,55,56
2020-04-08 10:00:00+00:00,57,76,62,55,60,59,73,53,59,80,63,56,54,58,66,71,58,55,53,50,57,79,54,60,75,53,53,63,56,51,47,59,76,60,66,56,77,54,65,51,48,62,62,58,78,58,58,57,52,51
2020-04-08 11:00:00+00:00,54,73,56,57,57,58,69,49,44,77,58,54,54,54,61,67,56,55,46,52,61,76,49,59,71,49,50,58,49,50,49,57,73,56,59,53,74,46,62,46,48,55,59,56,75,59,55,53,50,46
2020-04-08 12:00:00+00:00,61,77,66,56,70,67,75,61,57,84,67,59,58,56,71,74,65,55,58,57,68,85,63,63,78,60,56,64,58,54,59,63,84,62,79,65,85,61,68,58,41,64,67,63,83,70,59,57,58,58
2020-04-08 13:00:00+00:00,57,75,63,54,62,63,73,55,57,76,64,55,57,53,60,71,60,55,50,55,60,75,57,59,75,55,52,62,56,51,58,56,76,59,70,60,76,55,63,54,48,62,61,59,76,58,61,54,57,54
2020-04-08 14:00:00+00:00,58,72,65,59,62,66,73,65,58,72,66,57,62,64,72,74,63,58,54,51,71,72,61,64,72,57,60,71,59,55,56,64,72,63,72,65,72,55,64,57,56,69,71,64,72,66,60,59,56,57
2020-04-08 15:00:00+00:00,63,72,66,63,66,65,71,63,64,73,66,62,61,63,68,70,64,63,59,63,66,73,64,66,72,62,61,67,61,59,61,65,72,64,69,64,72,58,67,60,60,66,70,64,71,65,66,66,60,60
2020-04-08 16:00:00+00:00,73,73,73,73,75,74,74,74,72,73,74,71,73,75,73,74,74,72,73,74,73,73,74,74,74,73,70,74,73,68,74,71,74,72,74,72,74,73,74,73,61,73,69,73,73,73,73,69,74,73
2020-04-08 17:00:00+00:00,65,72,72,63,65,64,76,63,63,72,67,64,63,68,71,77,67,60,60,58,72,72,61,70,73,56,65,72,55,57,62,66,73,67,72,67,73,57,68,62,55,64,72,68,72,67,61,59,55,62
2020-04-08 18:00:00+00:00,64,75,73,58,69,67,75,58,63,75,72,62,62,65,69,72,66,61,57,61,70,75,62,71,75,59,59,68,59,57,67,69,75,67,75,66,75,59,69,56,47,62,74,63,75,65,66,57,62,56
2020-04-08 19:00:00+00:00,54,72,56,52,56,59,68,48,55,75,63,54,52,53,66,68,53,48,51,53,62,75,51,61,70,49,50,62,46,53,51,59,72,56,63,54,72,48,58,52,45,58,68,55,74,59,56,54,53,52
2020-04-08 20:00:00+00:00,49,64,52,48,51,54,60,43,50,69,57,50,48,49,59,60,48,43,46,48,57,67,46,56,62,44,45,56,42,48,46,55,64,52,57,49,65,43,54,47,40,54,60,50,67,54,51,49,48,47
2020-04-08 21:00:00+00:00,52,72,65,47,62,58,73,55,56,71,62,53,51,59,59,73,62,58,51,53,62,71,55,65,72,53,54,62,54,52,57,66,72,58,65,59,72,51,61,58,48,59,73,59,71,63,59,55,50,58
2020-04-08 22:00:00+00:00,50,66,57,44,57,57,66,50,52,65,60,53,52,55,56,66,57,54,46,45,54,65,47,59,66,50,50,51,47,47,46,62,66,49,56,55,66,51,59,50,45,55,66,52,66,57,55,55,47,50
2020-04-08 23:00:00+00:00,46,56,47,42,47,50,53,41,46,58,52,40,39,44,50,53,42,43,38,50,43,57,38,52,55,39,46,44,39,40,39,50,56,44,49,47,56,39,51,39,39,48,53,49,57,50,48,44,38,39
2020-04-09 00:00:00+00:00,54,65,58,57,63,64,63,51,63,67,64,53,46,53,57,63,64,59,47,64,50,67,46,60,64,49,54,57,44,51,47,62,65,62,64,63,65,46,65,56,63,53,63,63,66,62,62,58,48,56
2020-04-09 01:00:00+00:00,64,65,57,58,64,56,64,64,64,66,65,64,51,55,57,64,65,64,52,51,54,66,64,61,65,53,54,58,50,44,52,64,65,64,65,57,65,46,65,56,64,66,64,56,66,58,54,64,52,56
2020-04-09 02:00:00+00:00,65,66,57,63,65,52,65,64,59,68,65,65,51,64,58,65,65,65,46,65,56,67,64,65,66,54,65,65,51,64,45,64,66,64,66,60,66,51,66,58,65,68,65,50,67,64,64,64,53,58
2020-04-09 03:00:00+00:00,52,63,56,66,53,61,61,61,61,64,61,61,53,60,59,61,49,57,54,46,63,64,60,61,62,59,56,61,55,61,60,60,63,60,62,61,63,50,63,47,61,65,61,53,64,61,60,57,60,47
2020-04-09 04:00:00+00:00,60,62,55,67,49,53,60,59,60,65,58,60,51,51,65,60,61,56,39,61,56,64,59,60,61,50,60,61,52,59,49,59,62,59,61,60,62,52,62,59,60,65,60,60,64,59,59,56,52,59
2020-04-09 05:00:00+00:00,67,70,59,65,68,68,68,67,60,73,61,68,47,67,67,67,68,63,57,68,66,72,67,68,69,51,49,59,52,54,56,67,70,67,69,59,70,52,70,52,67,73,67,68,56,67,67,67,55,52
2020-04-09 06:00:00+00:00,51,67,58,59,66,60,66,65,66,68,60,53,54,54,60,65,59,66,52,66,62,68,54,61,66,49,50,58,53,47,52,65,67,62,66,55,67,51,67,51,42,68,65,51,67,65,65,65,53,51
2020-04-09 07:00:00+00:00,61,75,63,66,71,65,78,63,63,79,69,61,57,62,67,78,66,58,53,62,69,79,57,71,78,56,54,69,61,55,56,71,78,70,71,59,79,54,74,58,57,60,78,62,79,73,64,69,59,58
2020-04-09 08:00:00+00:00,58,83,70,64,69,66,84,64,68,82,78,65,57,71,70,85,60,70,55,59,71,82,57,72,84,58,66,75,58,58,68,76,83,74,72,70,83,59,67,59,54,73,85,67,82,74,72,72,58,59
2020-04-09 09:00:00+00:00,65,75,73,56,68,67,83,58,57,81,75,66,61,73,68,83,56,60,56,59,69,81,58,74,83,63,59,73,57,60,64,76,82,70,75,67,82,57,69,56,56,59,83,69,81,68,66,68,59,56
2020-04-09 10:00:00+00:00,58,77,64,54,63,59,74,59,46,80,64,59,58,64,71,72,62,57,49,46,67,80,55,59,75,55,55,65,60,51,60,62,80,61,73,66,80,56,65,54,48,55,63,56,80,68,56,57,60,54
2020-04-09 11:00:00+00:00,64,75,66,56,62,58,77,65,52,79,66,60,59,67,64,75,62,61,58,55,66,79,57,63,77,58,58,65,52,53,58,64,80,59,62,68,80,55,56,55,43,64,68,64,63,70,61,59,60,55
2020-04-09 12:00:00+00:00,57,79,64,61,60,64,77,57,60,81,64,58,58,58,67,73,62,58,55,55,66,81,56,67,78,57,55,67,52,54,51,60,79,65,70,60,80,55,59,55,39,68,68,63,80,68,58,59,57,55
2020-04-09 13:00:00+00:00,65,69,69,57,71,60,71,64,66,70,70,64,58,62,70,71,62,58,58,55,59,69,56,67,70,60,58,69,56,56,60,67,71,65,71,69,70,59,69,60,53,70,71,65,70,64,66,64,55,60
2020-04-09 14:00:00+00:00,68,70,67,61,69,69,68,69,68,69,68,65,69,57,70,68,66,68,70,63,70,70,67,68,69,70,66,69,67,58,69,69,69,68,69,69,69,57,69,68,42,57,69,68,70,70,69,67,66,68
2020-04-09 15:00:00+00:00,65,70,67,56,69,63,72,64,56,71,64,58,62,60,70,71,62,63,53,58,67,70,57,65,71,55,56,66,59,54,64,66,71,62,71,71,71,58,67,59,46,69,68,62,71,70,61,59,55,59
2020-04-09 16:00:00+00:00,65,71,68,57,71,69,71,66,67,71,67,65,59,64,71,71,61,58,56,56,68,71,58,66,71,58,57,68,60,56,62,68,71,67,71,70,71,58,67,55,55,69,71,66,71,71,64,59,64,55
2020-04-09 17:00:00+00:00,67,72,70,53,69,68,73,65,65,73,66,64,58,69,62,73,64,57,61,58,71,72,58,67,73,62,61,66,61,56,61,69,73,70,73,68,73,56,62,53,47,67,72,66,72,72,64,64,58,53
2020-04-09 18:00:00+00:00,65,78,72,55,74,68,77,65,61,78,70,68,59,69,71,76,61,58,56,62,74,78,58,71,78,63,51,70,62,59,61,71,78,67,71,65,78,59,61,60,45,66,77,67,65,69,67,66,63,60
2020-04-09 19:00:00+00:00,50,67,53,48,52,54,63,51,45,70,56,52,49,50,58,63,48,51,46,44,58,69,46,57,65,46,50,57,48,51,48,58,67,54,57,52,67,42,54,47,43,54,63,56,55,56,54,43,47,47
2020-04-09 20:00:00+00:00,44,58,48,51,49,45,55,44,43,60,51,45,43,44,49,55,44,48,39,39,45,59,41,50,56,44,45,48,40,43,41,50,57,47,52,48,58,40,49,41,38,54,55,47,59,49,44,39,39,41
2020-04-09 21:00:00+00:00,39,53,39,46,41,42,50,39,37,56,46,38,39,39,48,49,39,37,38,39,45,55,38,46,51,39,39,42,38,37,38,46,53,40,48,38,53,39,47,39,37,51,49,42,55,44,39,49,38,39
2020-04-09 22:00:00+00:00,38,49,39,39,39,38,45,37,38,52,39,39,37,38,48,45,39,38,37,36,39,51,37,42,47,37,37,41,36,35,37,42,49,38,45,38,49,37,44,37,35,46,45,39,51,41,39,37,36,37
2020-04-09 23:00:00+00:00,37,48,39,42,38,39,44,36,39,52,42,38,37,38,50,44,45,36,38,37,42,51,36,41,46,36,36,45,36,35,37,40,48,36,41,39,48,35,42,36,34,47,44,39,50,40,37,43,36,36
2020-04-10 00:00:00+00:00,40,51,45,55,44,47,50,49,43,53,48,40,39,42,50,49,50,50,39,50,47,53,39,48,50,38,42,50,39,39,39,49,51,49,51,49,51,39,51,39,49,54,49,42,52,49,49,49,38,39
2020-04-10 01:00:00+00:00,48,50,45,55,49,43,49,48,49,52,49,46,38,39,47,48,49,49,39,49,47,52,48,49,50,40,36,49,39,37,37,48,50,43,50,48,51,38,50,39,48,41,48,49,52,48,48,48,37,39
2020-04-10 02:00:00+00:00,45,48,40,54,46,47,46,45,46,51,47,40,37,38,49,46,47,46,39,42,41,50,45,44,47,38,46,41,38,45,44,45,48,45,47,45,49,38,48,45,46,52,46,46,50,45,40,45,45,45
2020-04-10 03:00:00+00:00,39,49,45,51,49,49,49,49,49,50,43,49,48,49,46,49,36,46,48,46,49,50,42,49,49,49,37,44,48,39,48,49,49,49,49,49,50,41,49,49,49,50,49,49,42,49,45,49,40,49
2020-04-10 04:00:00+00:00,55,56,51,47,48,55,55,55,55,56,51,55,43,45,53,55,55,55,55,55,56,56,45,55,55,47,43,55,45,44,46,55,56,55,55,55,56,49,56,47,55,57,55,48,56,55,55,55,55,47
2020-04-10 05:00:00+00:00,58,59,54,61,58,58,58,58,58,60,58,48,43,58,56,58,58,56,49,51,59,60,51,58,59,51,46,58,42,58,39,58,59,58,59,58,59,48,59,43,58,60,58,53,59,58,46,58,42,43
2020-04-10 06:00:00+00:00,56,61,53,48,63,58,63,63,62,59,62,51,51,55,53,63,62,59,49,55,56,59,48,62,62,53,49,52,51,55,42,63,61,63,61,58,61,52,61,59,63,59,63,53,60,59,63,63,59,59
2020-04-10 07:00:00+00:00,57,71,59,57,65,55,71,51,59,71,58,53,56,58,59,71,49,62,51,58,64,71,54,67,71,50,50,62,57,50,53,60,71,63,67,56,71,47,71,53,53,58,71,58,71,65,59,60,47,53
2020-04-10 08:00:00+00:00,66,76,69,59,63,57,80,59,68,78,64,59,61,66,59,79,67,63,60,59,70,79,62,71,80,58,61,69,61,57,63,69,81,65,77,71,80,60,68,58,55,62,75,63,61,77,69,62,60,58
2020-04-10 09:00:00+00:00,63,72,68,49,69,67,77,63,59,76,69,62,63,67,60,76,63,60,57,59,62,77,61,66,77,60,58,68,61,59,60,67,79,68,70,59,79,54,67,63,53,55,72,63,58,64,64,59,58,63
2020-04-10 10:00:00+00:00,58,69,59,48,62,58,69,54,58,72,59,58,55,59,57,68,60,52,51,57,64,73,58,59,72,59,54,63,55,51,59,58,75,58,70,58,75,55,61,54,51,56,62,58,57,59,57,55,51,54
2020-04-10 11:00:00+00:00,52,65,59,47,56,51,65,51,52,65,57,52,49,55,56,65,53,56,48,50,54,65,48,58,65,46,51,57,45,50,50,56,65,56,59,53,65,48,54,46,44,54,60,56,65,55,53,54,42,46
2020-04-10 12:00:00+00:00,58,73,59,53,61,61,68,59,56,75,60,58,52,58,67,67,59,57,54,55,65,75,57,60,70,56,54,61,53,51,56,58,79,59,74,60,76,48,67,48,48,60,62,58,58,59,57,54,54,48
2020-04-10 13:00:00+00:00,59,75,60,54,63,62,69,58,53,75,59,57,50,58,63,68,58,54,51,53,61,77,59,57,70,57,58,58,50,51,46,58,78,58,66,60,74,48,67,54,54,59,63,59,59,66,57,53,53,54
2020-04-10 14:00:00+00:00,50,62,55,47,54,49,62,47,49,62,56,45,50,51,50,62,51,53,41,44,54,62,49,57,62,48,50,53,46,47,50,56,62,51,56,54,62,45,53,47,44,52,59,52,62,56,51,49,43,47
2020-04-10 15:00:00+00:00,53,64,57,44,57,53,64,49,48,64,57,50,46,53,55,64,51,54,43,46,53,64,51,57,64,49,52,55,46,51,50,58,64,54,59,51,64,44,53,53,45,52,63,54,55,56,53,47,49,53
2020-04-10 16:00:00+00:00,48,60,55,49,50,49,60,46,47,60,53,51,46,49,48,60,50,44,47,47,51,60,47,56,60,49,47,55,44,48,48,56,60,53,55,50,60,46,48,43,38,48,60,50,60,55,50,47,47,43
2020-04-10 17:00:00+00:00,50,62,55,44,51,50,62,48,50,62,58,51,44,50,52,62,51,47,45,47,50,62,48,56,62,44,51,56,50,50,48,57,62,52,55,49,62,47,54,48,41,52,62,52,53,52,53,43,49,48
2020-04-10 18:00:00+00:00,49,59,53,48,52,53,59,46,47,59,54,49,46,49,50,59,48,48,41,44,53,59,46,55,59,47,46,53,46,42,45,53,59,53,53,51,59,44,50,46,49,46,59,51,59,54,48,51,45,46
2020-04-10 19:00:00+00:00,43,54,48,39,44,41,54,40,44,54,49,42,40,45,48,54,38,38,42,38,45,54,39,49,54,39,43,47,39,44,40,51,54,45,45,42,54,39,46,41,38,39,54,46,41,48,44,45,39,41
2020-04-10 20:00:00+00:00,39,49,41,40,39,41,49,38,38,49,44,39,39,40,41,49,40,38,38,38,43,49,37,47,49,38,39,41,39,39,38,46,49,42,44,39,49,38,40,39,37,39,49,39,49,46,37,37,38,39
2020-04-10 21:00:00+00:00,43,55,47,40,48,46,55,39,46,55,49,41,42,42,45,55,41,39,41,40,41,55,42,50,55,40,39,47,39,41,41,51,55,42,49,40,55,39,46,43,38,43,55,44,55,51,44,51,39,43
2020-04-10 22:00:00+00:00,39,51,45,38,44,45,51,39,39,51,48,37,40,40,40,51,45,44,38,38,45,51,39,46,51,39,37,48,39,39,39,46,51,42,48,41,51,39,45,39,37,44,51,43,51,47,41,42,39,39
2020-04-10 23:00:00+00:00,58,66,61,51,58,58,66,52,58,66,62,61,52,59,58,67,64,58,48,56,59,65,53,61,67,52,54,67,52,56,53,59,67,60,67,61,67,53,57,57,57,61,68,59,66,59,58,68,55,57
2020-04-11 00:00:00+00:00,38,44,39,39,44,40,44,37,44,44,39,44,37,44,39,44,44,44,38,44,38,44,38,42,44,38,38,40,36,37,34,41,44,44,44,40,44,36,44,37,44,38,44,39,44,44,44,41,38,37
2020-04-11 01:00:00+00:00,39,45,41,43,45,40,45,45,45,45,45,45,38,45,40,45,45,45,36,45,45,45,45,43,45,39,38,45,38,41,35,45,45,45,45,39,45,35,45,36,45,45,45,39,45,40,45,43,37,36
2020-04-11 02:00:00+00:00,50,50,45,43,50,50,50,50,50,50,50,50,46,50,44,50,50,50,38,50,50,50,50,50,50,42,43,50,41,50,50,50,50,50,50,46,50,39,50,50,50,50,50,50,50,46,50,50,42,50
